symbol,entry_date,exit_date,entry_price,exit_price,shares,bars_held,pnl,return_pct,exit_reason
WMT,2023-05-22,2023-05-25,49.8251,48.5552,66.900685,3,-84.96,-2.55,stop_loss
JPM,2023-05-25,2023-06-06,134.5952,139.0714,24.55522,7,109.92,3.33,max_hold
JPM,2023-06-26,2023-07-03,138.801,145.6681,24.075138,4,165.33,4.95,take_profit
V,2023-08-18,2023-08-29,235.1644,244.8695,14.4442,7,140.18,4.13,max_hold
WMT,2023-08-22,2023-08-31,52.1159,54.1095,65.535146,7,130.65,3.83,max_hold
UNH,2023-08-30,2023-08-31,493.5156,480.9372,7.028754,1,-88.41,-2.55,stop_loss
NVDA,2023-09-11,2023-09-12,45.9949,44.8226,75.172899,1,-88.12,-2.55,stop_loss
V,2023-09-15,2023-09-22,241.1983,235.0508,14.213174,5,-87.38,-2.55,stop_loss
WMT,2023-10-05,2023-10-09,53.4411,52.079,63.604008,1,-86.63,-2.55,stop_loss
NVDA,2024-01-04,2024-01-08,47.7512,50.1137,70.57819,1,166.74,4.95,take_profit
MSFT,2024-01-08,2024-01-11,369.2202,387.4874,9.278394,3,169.49,4.95,take_profit
V,2024-03-28,2024-04-09,278.491,276.0771,12.504058,7,-30.18,-0.87,max_hold
WMT,2024-04-18,2024-04-30,59.7901,59.2114,58.073284,7,-33.61,-0.97,max_hold
AMZN,2024-05-29,2024-05-31,181.5681,176.9404,19.061736,2,-88.21,-2.55,stop_loss
JPM,2024-06-18,2024-06-28,194.2155,201.7259,17.669035,7,132.7,3.87,max_hold
MSFT,2024-10-02,2024-10-07,420.5987,409.8787,8.264015,3,-88.59,-2.55,stop_loss
MSFT,2024-10-15,2024-10-16,421.0781,410.3459,8.184476,1,-87.84,-2.55,stop_loss
MSFT,2024-10-16,2024-10-29,414.8244,431.0564,8.237279,7,133.71,3.91,max_hold
AMZN,2025-08-22,2025-09-03,221.6779,225.2986,15.615421,7,56.54,1.63,max_hold
JPM,2025-09-09,2025-09-15,292.6267,307.1044,11.893786,4,172.19,4.95,take_profit
WMT,2025-10-29,2025-11-03,102.9768,100.3521,34.355694,2,-90.17,-2.55,stop_loss
MSFT,2025-11-04,2025-11-06,515.9931,502.8417,6.798117,2,-89.4,-2.55,stop_loss
AMZN,2025-11-18,2025-11-19,232.3771,226.4544,14.966962,1,-88.65,-2.55,stop_loss
UNH,2026-01-20,2026-01-21,328.1812,344.418,10.507705,1,170.61,4.95,take_profit
NVDA,2026-02-03,2026-02-04,184.8149,180.1044,18.966558,1,-89.34,-2.55,stop_loss
META,2026-02-09,2026-02-12,664.4243,647.4898,5.230876,3,-88.58,-2.55,stop_loss
WMT,2026-05-12,2026-05-15,127.3136,133.6125,27.066968,3,170.49,4.95,take_profit
JPM,2026-05-21,2026-05-28,301.5307,293.8454,11.616808,4,-89.28,-2.55,stop_loss
MSFT,2026-06-08,2026-06-09,415.7578,405.1611,8.387312,1,-88.88,-2.55,stop_loss
V,2026-06-05,2026-06-16,320.26,332.8335,10.844514,7,136.35,3.93,max_hold
