symbol,company,role,instrument_id,display_name,exchange,daily_bars,date_from,date_to,fetched_at_utc
MSFT,Microsoft,trade,1004,Microsoft,Nasdaq,1000,2022-07-22T00:00:00Z,2026-08-20T00:00:00Z,2026-08-20T19:12:34+00:00
AAPL,Apple,trade,1001,Apple,Nasdaq,1000,2022-07-22T00:00:00Z,2026-08-20T00:00:00Z,2026-08-20T19:12:34+00:00
GOOGL,Alphabet,trade,6434,Alphabet Inc Class A,Nasdaq,1000,2022-07-22T00:00:00Z,2026-08-20T00:00:00Z,2026-08-20T19:12:34+00:00
AMZN,Amazon,trade,1005,Amazon.com Inc,Nasdaq,1000,2022-07-22T00:00:00Z,2026-08-20T00:00:00Z,2026-08-20T19:12:34+00:00
NVDA,NVIDIA,trade,1137,NVIDIA Corporation,Nasdaq,1000,2022-07-22T00:00:00Z,2026-08-20T00:00:00Z,2026-08-20T19:12:34+00:00
META,Meta,trade,1003,Meta Platforms Inc,Nasdaq,1000,2022-07-22T00:00:00Z,2026-08-20T00:00:00Z,2026-08-20T19:12:34+00:00
JPM,JPMorgan Chase,trade,1023,JPMorgan Chase & Co,NYSE,1000,2022-07-22T00:00:00Z,2026-08-20T00:00:00Z,2026-08-20T19:12:34+00:00
V,Visa,trade,1046,Visa,NYSE,1000,2022-07-22T00:00:00Z,2026-08-20T00:00:00Z,2026-08-20T19:12:34+00:00
WMT,Walmart,trade,1035,Walmart Inc.,Nasdaq,1000,2022-07-20T00:00:00Z,2026-08-20T00:00:00Z,2026-08-20T19:12:34+00:00
UNH,UnitedHealth,trade,1032,UnitedHealth,NYSE,1000,2022-07-22T00:00:00Z,2026-08-20T00:00:00Z,2026-08-20T19:12:34+00:00
SPY,SPDR S&P 500 ETF,regime,3000,State Street SPDR S&P 500 ETF,NYSE,1000,2022-07-22T00:00:00Z,2026-08-20T00:00:00Z,2026-08-20T19:12:34+00:00
