fetched_at_utc,symbol,company,role,instrument_id,display_name,exchange,price_source,bid,ask,last_execution,spread,quote_time_utc
2026-08-20T19:12:34+00:00,MSFT,Microsoft,trade,1004,Microsoft,Nasdaq,NASDAQ,481.85,481.91,481.85,0.06,2026-08-20T19:12:34.8459665Z
2026-08-20T19:12:34+00:00,AAPL,Apple,trade,1001,Apple,Nasdaq,NASDAQ,314.67,314.68,314.67,0.01,2026-08-20T19:12:35.671445Z
2026-08-20T19:12:34+00:00,GOOGL,Alphabet,trade,6434,Alphabet Inc Class A,Nasdaq,NASDAQ,340.38,340.4,340.38,0.02,2026-08-20T19:12:37.1879774Z
2026-08-20T19:12:34+00:00,AMZN,Amazon,trade,1005,Amazon.com Inc,Nasdaq,NASDAQ,260.96,260.98,260.96,0.02,2026-08-20T19:12:37.0957747Z
2026-08-20T19:12:34+00:00,NVDA,NVIDIA,trade,1137,NVIDIA Corporation,Nasdaq,NASDAQ,216.89,216.9,216.89,0.01,2026-08-20T19:12:38.2890277Z
2026-08-20T19:12:34+00:00,META,Meta,trade,1003,Meta Platforms Inc,Nasdaq,NASDAQ,541.54,541.65,541.54,0.11,2026-08-20T19:12:38.7279531Z
2026-08-20T19:12:34+00:00,JPM,JPMorgan Chase,trade,1023,JPMorgan Chase & Co,NYSE,NASDAQ,352.68,352.73,352.68,0.05,2026-08-20T19:12:39.3103771Z
2026-08-20T19:12:34+00:00,V,Visa,trade,1046,Visa,NYSE,NASDAQ,366.42,366.54,366.42,0.12,2026-08-20T19:12:39.6105272Z
2026-08-20T19:12:34+00:00,WMT,Walmart,trade,1035,Walmart Inc.,Nasdaq,NASDAQ,103.16,103.17,103.16,0.01,2026-08-20T19:12:41.250419Z
2026-08-20T19:12:34+00:00,UNH,UnitedHealth,trade,1032,UnitedHealth,NYSE,NASDAQ,385.2,385.33,385.2,0.13,2026-08-20T19:12:41.0953169Z
2026-08-20T19:12:34+00:00,SPY,SPDR S&P 500 ETF,regime,3000,State Street SPDR S&P 500 ETF,NYSE,NASDAQ,763.48,763.5,763.48,0.02,2026-08-20T19:12:41.8446086Z
