month,channel,purchase_count,net_revenue,transaction_rows
2026-05,Meta,93,15355.45,93
2026-05,Google Ads,204,40925.76,204
2026-05,SEO,70,12322.71,71
2026-05,Direct,36,5690.67,36
2026-05,Other,19,248.39,40
2026-06,Meta,143,20962.58,143
2026-06,Google Ads,204,38631.88,204
2026-06,SEO,67,13944.11,67
2026-06,Direct,30,5622.89,30
2026-06,Other,32,-650.33,69
2026-07,Meta,162,24229.08,162
2026-07,Google Ads,221,41328.62,221
2026-07,SEO,70,13482.86,70
2026-07,Direct,50,11885.93,50
2026-07,Other,15,-5780.61,60
