symbol,instrument_id,interval,datetime_utc,open,high,low,close,volume
AAPL,1001,OneDay,2022-07-22T00:00:00Z,155.3001,156.0894,153.2719,153.9114,
AAPL,1001,OneDay,2022-07-25T00:00:00Z,153.8814,154.8505,152.1429,152.8123,
AAPL,1001,OneDay,2022-07-26T00:00:00Z,152.3328,152.9023,150.6743,151.4935,
AAPL,1001,OneDay,2022-07-27T00:00:00Z,152.4427,157.1584,152.053,156.489,
AAPL,1001,OneDay,2022-07-28T00:00:00Z,156.7488,157.4881,154.271,157.1484,
AAPL,1001,OneDay,2022-07-29T00:00:00Z,161.0549,163.4727,159.3664,162.3438,
AAPL,1001,OneDay,2022-08-01T00:00:00Z,161.2947,163.4228,160.7352,161.3347,
AAPL,1001,OneDay,2022-08-02T00:00:00Z,159.6961,162.2638,159.5263,159.9559,
AAPL,1001,OneDay,2022-08-03T00:00:00Z,160.7952,166.4401,160.7552,165.8306,
AAPL,1001,OneDay,2022-08-04T00:00:00Z,165.9405,167.0295,164.282,165.6408,
AAPL,1001,OneDay,2022-08-05T00:00:00Z,162.8933,165.6907,162.8533,165.1712,
AAPL,1001,OneDay,2022-08-08T00:00:00Z,166.2502,167.639,164.0522,164.7216,
AAPL,1001,OneDay,2022-08-09T00:00:00Z,163.8224,165.6508,163.6126,164.7116,
AAPL,1001,OneDay,2022-08-10T00:00:00Z,167.7689,169.1376,166.7498,168.9878,
AAPL,1001,OneDay,2022-08-11T00:00:00Z,169.9369,170.8161,168.0486,168.2684,
AAPL,1001,OneDay,2022-08-12T00:00:00Z,169.7771,171.8352,169.2675,171.8152,
AAPL,1001,OneDay,2022-08-15T00:00:00Z,171.3457,173.224,171.2058,172.8643,
AAPL,1001,OneDay,2022-08-16T00:00:00Z,172.4247,173.5437,171.5055,172.8843,
AAPL,1001,OneDay,2022-08-17T00:00:00Z,172.6445,175.9815,172.4247,174.3529,
AAPL,1001,OneDay,2022-08-18T00:00:00Z,173.5936,174.7226,172.9642,173.9733,
AAPL,1001,OneDay,2022-08-19T00:00:00Z,172.9442,173.5437,171.1558,171.4256,
AAPL,1001,OneDay,2022-08-22T00:00:00Z,169.1476,169.6772,166.9796,167.4092,
AAPL,1001,OneDay,2022-08-23T00:00:00Z,167.0096,168.5482,166.5,166.9896,
AAPL,1001,OneDay,2022-08-24T00:00:00Z,167.0995,167.9487,166.0904,167.2493,
AAPL,1001,OneDay,2022-08-25T00:00:00Z,168.5881,169.857,168.1985,169.857,
AAPL,1001,OneDay,2022-08-26T00:00:00Z,170.2566,170.8461,163.4128,163.4628,
AAPL,1001,OneDay,2022-08-29T00:00:00Z,160.5054,162.7334,159.6961,161.015,
AAPL,1001,OneDay,2022-08-30T00:00:00Z,162.2239,162.3737,157.588,158.8569,
AAPL,1001,OneDay,2022-08-31T00:00:00Z,160.0358,160.4055,157.0385,157.0685,
AAPL,1001,OneDay,2022-09-01T00:00:00Z,156.3392,158.1875,154.5308,158.1775,
AAPL,1001,OneDay,2022-09-02T00:00:00Z,159.7761,160.2057,154.8305,155.6997,
AAPL,1001,OneDay,2022-09-06T00:00:00Z,156.2892,156.9186,153.6016,154.291,
AAPL,1001,OneDay,2022-09-07T00:00:00Z,154.6907,156.509,153.4817,155.8296,
AAPL,1001,OneDay,2022-09-08T00:00:00Z,154.301,156.1993,152.5626,154.1811,
AAPL,1001,OneDay,2022-09-09T00:00:00Z,155.2402,157.648,154.6107,157.2883,
AAPL,1001,OneDay,2022-09-12T00:00:00Z,159.7292,164.1459,159.6391,163.1749,
AAPL,1001,OneDay,2022-09-13T00:00:00Z,159.4804,160.2692,153.1499,153.5194,
AAPL,1001,OneDay,2022-09-14T00:00:00Z,154.4779,156.8544,153.3796,155.1969,
AAPL,1001,OneDay,2022-09-15T00:00:00Z,154.4779,154.9672,151.1529,152.1714,
AAPL,1001,OneDay,2022-09-16T00:00:00Z,150.7535,151.103,148.1474,150.4939,
AAPL,1001,OneDay,2022-09-19T00:00:00Z,148.9762,154.3182,148.9363,154.2683,
AAPL,1001,OneDay,2022-09-20T00:00:00Z,153.1899,157.8329,152.8704,156.7046,
AAPL,1001,OneDay,2022-09-21T00:00:00Z,157.1739,158.442,153.4794,153.5194,
AAPL,1001,OneDay,2022-09-22T00:00:00Z,151.9517,154.1384,150.6836,152.441,
AAPL,1001,OneDay,2022-09-23T00:00:00Z,150.8434,151.1929,148.3372,150.3242,
AAPL,1001,OneDay,2022-09-26T00:00:00Z,149.6552,153.5294,149.5553,150.454,
AAPL,1001,OneDay,2022-09-27T00:00:00Z,152.6607,154.418,149.7251,151.6023,
AAPL,1001,OneDay,2022-09-28T00:00:00Z,147.3686,150.414,144.6227,149.5953,
AAPL,1001,OneDay,2022-09-29T00:00:00Z,145.9308,146.47,140.459,142.2363,
AAPL,1001,OneDay,2022-09-30T00:00:00Z,141.0082,142.8654,137.9528,138.0626,
AAPL,1001,OneDay,2022-10-03T00:00:00Z,138.0726,142.8454,137.4835,142.1564,
AAPL,1001,OneDay,2022-10-04T00:00:00Z,144.9323,145.9707,144.0536,145.8509,
AAPL,1001,OneDay,2022-10-05T00:00:00Z,143.794,147.1489,142.8055,145.9907,
AAPL,1001,OneDay,2022-10-06T00:00:00Z,145.5913,147.2987,145.0122,145.142,
AAPL,1001,OneDay,2022-10-07T00:00:00Z,141.8669,142.8554,139.2408,139.9298,
AAPL,1001,OneDay,2022-10-10T00:00:00Z,140.1095,141.6372,138.3621,140.1295,
AAPL,1001,OneDay,2022-10-11T00:00:00Z,139.5304,141.128,138.0127,138.6317,
AAPL,1001,OneDay,2022-10-12T00:00:00Z,138.7915,140.1295,137.9428,138.1425,
AAPL,1001,OneDay,2022-10-13T00:00:00Z,134.2284,143.3047,134.2284,142.7056,
AAPL,1001,OneDay,2022-10-14T00:00:00Z,144.1834,144.2733,137.9827,138.2923,
AAPL,1001,OneDay,2022-10-17T00:00:00Z,140.8284,142.6657,140.0596,142.1964,
AAPL,1001,OneDay,2022-10-18T00:00:00Z,145.5114,146.45,140.429,143.6442,
AAPL,1001,OneDay,2022-10-19T00:00:00Z,141.4875,144.7126,141.4875,143.7141,
AAPL,1001,OneDay,2022-10-20T00:00:00Z,142.7655,145.6512,142.426,143.115,
AAPL,1001,OneDay,2022-10-21T00:00:00Z,142.5858,147.6182,142.436,147.1789,
AAPL,1001,OneDay,2022-10-24T00:00:00Z,147.0791,149.9947,145.781,149.2857,
AAPL,1001,OneDay,2022-10-25T00:00:00Z,150.2343,152.2113,149.1559,152.2014,
AAPL,1001,OneDay,2022-10-26T00:00:00Z,150.6637,151.752,147.8279,149.0761,
AAPL,1001,OneDay,2022-10-27T00:00:00Z,148.0676,148.8164,143.9238,144.6327,
AAPL,1001,OneDay,2022-10-28T00:00:00Z,147.8379,157.2438,147.6682,155.5064,
AAPL,1001,OneDay,2022-10-31T00:00:00Z,152.9702,153.9987,151.7121,153.09,
AAPL,1001,OneDay,2022-11-01T00:00:00Z,155.0171,155.1769,148.9263,150.454,
AAPL,1001,OneDay,2022-11-02T00:00:00Z,148.7965,151.8719,144.7825,144.8125,
AAPL,1001,OneDay,2022-11-03T00:00:00Z,141.8269,142.5658,138.5718,138.7416,
AAPL,1001,OneDay,2022-11-04T00:00:00Z,142.0466,142.4061,134.1784,138.2523,
AAPL,1001,OneDay,2022-11-07T00:00:00Z,136.9543,138.9013,135.4665,138.7715,
AAPL,1001,OneDay,2022-11-08T00:00:00Z,140.1295,141.2079,137.2738,139.2908,
AAPL,1001,OneDay,2022-11-09T00:00:00Z,138.1525,138.1525,134.3881,134.6877,
AAPL,1001,OneDay,2022-11-10T00:00:00Z,141.2179,146.5898,140.1894,146.5099,
AAPL,1001,OneDay,2022-11-11T00:00:00Z,145.781,149.765,144.1534,149.2857,
AAPL,1001,OneDay,2022-11-14T00:00:00Z,148.8764,150.0446,147.2089,147.9977,
AAPL,1001,OneDay,2022-11-15T00:00:00Z,151.8519,153.3396,148.3571,149.795,
AAPL,1001,OneDay,2022-11-16T00:00:00Z,148.6567,149.6152,147.0691,148.5968,
AAPL,1001,OneDay,2022-11-17T00:00:00Z,146.1704,151.2428,146.1704,150.5339,
AAPL,1001,OneDay,2022-11-18T00:00:00Z,152.1115,152.1115,149.745,151.0531,
AAPL,1001,OneDay,2022-11-21T00:00:00Z,149.8149,149.9547,147.4884,147.808,
AAPL,1001,OneDay,2022-11-22T00:00:00Z,147.9977,150.1045,146.6996,149.9747,
AAPL,1001,OneDay,2022-11-23T00:00:00Z,149.2458,151.5623,149.116,150.8534,
AAPL,1001,OneDay,2022-11-25T00:00:00Z,147.6182,148.6367,146.9093,147.9078,
AAPL,1001,OneDay,2022-11-28T00:00:00Z,144.6527,146.3801,143.1749,144.0536,
AAPL,1001,OneDay,2022-11-29T00:00:00Z,143.9338,144.5528,140.1495,140.9882,
AAPL,1001,OneDay,2022-11-30T00:00:00Z,140.9882,147.6582,140.3392,147.6582,
AAPL,1001,OneDay,2022-12-01T00:00:00Z,147.9577,148.8764,146.3901,148.1974,
AAPL,1001,OneDay,2022-12-02T00:00:00Z,145.781,147.758,145.4315,147.5184,
AAPL,1001,OneDay,2022-12-05T00:00:00Z,147.3287,150.6737,145.5613,146.47,
AAPL,1001,OneDay,2022-12-06T00:00:00Z,146.8194,147.0092,141.7471,142.7156,
AAPL,1001,OneDay,2022-12-07T00:00:00Z,142.3062,143.145,139.8,140.8384,
AAPL,1001,OneDay,2022-12-08T00:00:00Z,141.9667,143.2848,140.8884,142.466,
AAPL,1001,OneDay,2022-12-09T00:00:00Z,142.2164,145.3217,140.6986,141.9168,
AAPL,1001,OneDay,2022-12-12T00:00:00Z,142.5758,144.2433,140.8484,144.2333,
AAPL,1001,OneDay,2022-12-13T00:00:00Z,149.2358,149.7151,144.0536,145.2418,
AAPL,1001,OneDay,2022-12-14T00:00:00Z,145.1719,146.42,140.9782,143.0451,
AAPL,1001,OneDay,2022-12-15T00:00:00Z,141.0381,141.5374,135.816,136.2953,
AAPL,1001,OneDay,2022-12-16T00:00:00Z,136.2953,137.4136,133.5194,134.3182,
AAPL,1001,OneDay,2022-12-19T00:00:00Z,134.7975,134.8574,131.133,132.2314,
AAPL,1001,OneDay,2022-12-20T00:00:00Z,131.2828,133.0401,129.7451,132.1415,
AAPL,1001,OneDay,2022-12-21T00:00:00Z,132.6607,136.5848,132.5509,135.2468,
AAPL,1001,OneDay,2022-12-22T00:00:00Z,133.8589,134.3282,130.1245,132.0616,
AAPL,1001,OneDay,2022-12-23T00:00:00Z,130.9433,132.2014,129.4555,131.6123,
AAPL,1001,OneDay,2022-12-27T00:00:00Z,131.0831,131.0831,128.5369,129.8549,
AAPL,1001,OneDay,2022-12-28T00:00:00Z,129.5554,130.8035,125.6812,125.9109,
AAPL,1001,OneDay,2022-12-29T00:00:00Z,127.7381,130.2843,127.6183,129.3956,
AAPL,1001,OneDay,2022-12-30T00:00:00Z,127.9378,129.7251,127.2389,129.7251,
AAPL,1001,OneDay,2023-01-03T00:00:00Z,130.2743,130.6737,123.9937,124.9124,
AAPL,1001,OneDay,2023-01-04T00:00:00Z,126.6597,128.447,124.9223,126.2503,
AAPL,1001,OneDay,2023-01-05T00:00:00Z,126.6298,127.4086,124.5629,124.9124,
AAPL,1001,OneDay,2023-01-06T00:00:00Z,125.9807,130.0746,124.7027,129.3257,
AAPL,1001,OneDay,2023-01-09T00:00:00Z,130.5639,133.1999,129.6952,129.9548,
AAPL,1001,OneDay,2023-01-10T00:00:00Z,129.9847,131.0531,127.9378,130.494,
AAPL,1001,OneDay,2023-01-11T00:00:00Z,131.0631,133.2199,130.2643,133.2199,
AAPL,1001,OneDay,2023-01-12T00:00:00Z,133.7291,134.0287,131.2628,133.3197,
AAPL,1001,OneDay,2023-01-13T00:00:00Z,131.8919,134.7076,131.4525,134.5079,
AAPL,1001,OneDay,2023-01-17T00:00:00Z,134.7875,137.0741,133.9588,135.6862,
AAPL,1001,OneDay,2023-01-18T00:00:00Z,136.6847,138.3921,134.8374,134.9473,
AAPL,1001,OneDay,2023-01-19T00:00:00Z,133.7091,136.0356,133.5693,135.0272,
AAPL,1001,OneDay,2023-01-20T00:00:00Z,134.8474,137.7131,134.0187,137.5933,
AAPL,1001,OneDay,2023-01-23T00:00:00Z,138.0127,143.0851,137.6832,140.9383,
AAPL,1001,OneDay,2023-01-24T00:00:00Z,140.2793,142.9153,140.0896,142.3561,
AAPL,1001,OneDay,2023-01-25T00:00:00Z,140.5988,142.1964,138.6018,141.5873,
AAPL,1001,OneDay,2023-01-26T00:00:00Z,143.115,144.0137,141.6872,143.794,
AAPL,1001,OneDay,2023-01-27T00:00:00Z,142.9253,146.9892,142.9253,145.6312,
AAPL,1001,OneDay,2023-01-30T00:00:00Z,144.5329,145.2917,142.6457,142.7555,
AAPL,1001,OneDay,2023-01-31T00:00:00Z,142.5558,144.0935,142.0666,144.0935,
AAPL,1001,OneDay,2023-02-01T00:00:00Z,143.5244,146.3701,141.1679,145.1719,
AAPL,1001,OneDay,2023-02-02T00:00:00Z,148.7166,150.8833,147.9378,150.3941,
AAPL,1001,OneDay,2023-02-03T00:00:00Z,147.748,157.124,147.748,154.2683,
AAPL,1001,OneDay,2023-02-06T00:00:00Z,152.2113,152.8604,150.5638,151.5024,
AAPL,1001,OneDay,2023-02-07T00:00:00Z,150.6437,154.9572,150.6437,154.4979,
AAPL,1001,OneDay,2023-02-08T00:00:00Z,153.6492,154.3381,150.9333,151.742,
AAPL,1001,OneDay,2023-02-09T00:00:00Z,153.7291,154.0686,150.1944,150.6137,
AAPL,1001,OneDay,2023-02-10T00:00:00Z,149.0761,151.083,149.0761,150.7835,
AAPL,1001,OneDay,2023-02-13T00:00:00Z,150.8134,154.0186,150.7336,153.5493,
AAPL,1001,OneDay,2023-02-14T00:00:00Z,151.8119,153.5094,150.6437,153.0002,
AAPL,1001,OneDay,2023-02-15T00:00:00Z,152.9103,155.2568,152.6607,155.087,
AAPL,1001,OneDay,2023-02-16T00:00:00Z,153.2698,156.0855,153.12,153.4894,
AAPL,1001,OneDay,2023-02-17T00:00:00Z,152.0316,152.7505,150.6337,152.2113,
AAPL,1001,OneDay,2023-02-21T00:00:00Z,150.3441,151.0531,148.1774,148.2673,
AAPL,1001,OneDay,2023-02-22T00:00:00Z,148.6767,149.7051,146.9393,148.6467,
AAPL,1001,OneDay,2023-02-23T00:00:00Z,149.8349,150.0746,147.0191,149.2059,
AAPL,1001,OneDay,2023-02-24T00:00:00Z,146.9492,146.9492,145.5114,146.47,
AAPL,1001,OneDay,2023-02-27T00:00:00Z,147.5483,148.9363,147.2288,147.6782,
AAPL,1001,OneDay,2023-02-28T00:00:00Z,146.8794,148.8464,146.6697,147.2788,
AAPL,1001,OneDay,2023-03-01T00:00:00Z,146.4899,146.9892,144.7825,145.092,
AAPL,1001,OneDay,2023-03-02T00:00:00Z,143.9837,146.47,143.6842,145.6412,
AAPL,1001,OneDay,2023-03-03T00:00:00Z,147.4485,150.8434,147.119,150.8234,
AAPL,1001,OneDay,2023-03-06T00:00:00Z,153.5194,156.0456,153.2498,153.6192,
AAPL,1001,OneDay,2023-03-07T00:00:00Z,153.3496,153.789,150.9033,151.3926,
AAPL,1001,OneDay,2023-03-08T00:00:00Z,152.6207,153.2298,151.6222,152.6307,
AAPL,1001,OneDay,2023-03-09T00:00:00Z,153.2298,154.2882,149.9947,150.3641,
AAPL,1001,OneDay,2023-03-10T00:00:00Z,149.9847,150.7136,147.3786,148.3871,
AAPL,1001,OneDay,2023-03-13T00:00:00Z,148.1175,152.8704,147.9078,150.2842,
AAPL,1001,OneDay,2023-03-14T00:00:00Z,151.1529,153.1599,149.9248,152.441,
AAPL,1001,OneDay,2023-03-15T00:00:00Z,151.0331,153.0002,149.6851,152.6107,
AAPL,1001,OneDay,2023-03-16T00:00:00Z,152.1015,156.1255,151.4125,155.6362,
AAPL,1001,OneDay,2023-03-17T00:00:00Z,155.2668,156.4849,154.0586,154.7575,
AAPL,1001,OneDay,2023-03-20T00:00:00Z,154.9572,157.5433,153.9188,157.1639,
AAPL,1001,OneDay,2023-03-21T00:00:00Z,157.1439,159.111,156.3152,158.9812,
AAPL,1001,OneDay,2023-03-22T00:00:00Z,159.1309,161.8668,157.6831,157.6831,
AAPL,1001,OneDay,2023-03-23T00:00:00Z,158.7016,161.2977,157.4335,158.6816,
AAPL,1001,OneDay,2023-03-24T00:00:00Z,158.6117,160.0496,157.6432,160.0496,
AAPL,1001,OneDay,2023-03-27T00:00:00Z,159.6901,160.4989,157.6332,157.9327,
AAPL,1001,OneDay,2023-03-28T00:00:00Z,157.753,157.8629,155.746,157.4335,
AAPL,1001,OneDay,2023-03-29T00:00:00Z,159.2707,160.7485,159.111,160.409,
AAPL,1001,OneDay,2023-03-30T00:00:00Z,161.3876,162.2163,161.0481,162.0566,
AAPL,1001,OneDay,2023-03-31T00:00:00Z,161.9667,164.7425,161.9267,164.5828,
AAPL,1001,OneDay,2023-04-03T00:00:00Z,164.2832,166.0206,164.0635,165.8708,
AAPL,1001,OneDay,2023-04-04T00:00:00Z,166.39,166.5798,164.8623,165.3316,
AAPL,1001,OneDay,2023-04-05T00:00:00Z,164.4829,164.7725,161.5573,163.5243,
AAPL,1001,OneDay,2023-04-06T00:00:00Z,161.9467,164.6926,161.787,164.3231,
AAPL,1001,OneDay,2023-04-10T00:00:00Z,161.3077,161.6971,159.8399,161.6771,
AAPL,1001,OneDay,2023-04-11T00:00:00Z,161.8668,161.9867,160.2692,160.5688,
AAPL,1001,OneDay,2023-04-12T00:00:00Z,161.0281,161.7969,159.5403,159.8399,
AAPL,1001,OneDay,2023-04-13T00:00:00Z,161.4774,165.5413,161.1978,165.3216,
AAPL,1001,OneDay,2023-04-14T00:00:00Z,164.5328,166.0605,163.5942,164.9522,
AAPL,1001,OneDay,2023-04-17T00:00:00Z,164.7225,165.102,163.8239,164.9822,
AAPL,1001,OneDay,2023-04-18T00:00:00Z,165.7111,167.1489,165.4015,166.2602,
AAPL,1001,OneDay,2023-04-19T00:00:00Z,165.5213,167.8978,165.3017,167.3386,
AAPL,1001,OneDay,2023-04-20T00:00:00Z,165.731,167.6082,165.3117,166.3401,
AAPL,1001,OneDay,2023-04-21T00:00:00Z,164.9722,166.1903,164.2433,164.7425,
AAPL,1001,OneDay,2023-04-24T00:00:00Z,164.7225,165.3416,163.6641,165.0321,
AAPL,1001,OneDay,2023-04-25T00:00:00Z,164.9722,166.0406,163.4844,163.5144,
AAPL,1001,OneDay,2023-04-26T00:00:00Z,163.085,165.0221,162.7755,163.5443,
AAPL,1001,OneDay,2023-04-27T00:00:00Z,165.4115,168.2672,165.1419,168.1274,
AAPL,1001,OneDay,2023-04-28T00:00:00Z,168.0675,169.5852,167.6382,169.3756,
AAPL,1001,OneDay,2023-05-01T00:00:00Z,169.2358,170.1843,168.387,169.3756,
AAPL,1001,OneDay,2023-05-02T00:00:00Z,169.6951,170.0845,167.2887,168.2473,
AAPL,1001,OneDay,2023-05-03T00:00:00Z,169.5153,170.6536,166.9192,167.2288,
AAPL,1001,OneDay,2023-05-04T00:00:00Z,164.6527,166.7795,164.0635,165.3816,
AAPL,1001,OneDay,2023-05-05T00:00:00Z,170.7235,174.0286,170.5039,173.1699,
AAPL,1001,OneDay,2023-05-08T00:00:00Z,172.0416,173.5792,171.8618,173.1798,
AAPL,1001,OneDay,2023-05-09T00:00:00Z,172.8903,173.2497,171.4125,171.6122,
AAPL,1001,OneDay,2023-05-10T00:00:00Z,172.8004,173.719,171.6422,173.2797,
AAPL,1001,OneDay,2023-05-11T00:00:00Z,173.5293,174.2982,171.9117,173.4395,
AAPL,1001,OneDay,2023-05-12T00:00:00Z,173.3995,173.7889,170.7435,172.2612,
AAPL,1001,OneDay,2023-05-15T00:00:00Z,172.5907,172.9003,171.2128,171.8119,
AAPL,1001,OneDay,2023-05-16T00:00:00Z,171.8818,172.8603,171.5323,171.8718,
AAPL,1001,OneDay,2023-05-17T00:00:00Z,171.4824,172.6506,170.1744,172.391,
AAPL,1001,OneDay,2023-05-18T00:00:00Z,172.7904,174.9572,172.3111,174.8174,
AAPL,1001,OneDay,2023-05-19T00:00:00Z,175.3566,176.0156,174.6976,174.9072,
AAPL,1001,OneDay,2023-05-22T00:00:00Z,173.8588,174.438,173.1898,173.9387,20182084.0
AAPL,1001,OneDay,2023-05-23T00:00:00Z,172.7705,173.08,171.0231,171.4125,20818919.0
AAPL,1001,OneDay,2023-05-24T00:00:00Z,170.8633,172.1514,170.2742,171.6022,19528935.0
AAPL,1001,OneDay,2023-05-25T00:00:00Z,172.5108,173.6292,171.4325,172.6506,22423742.0
AAPL,1001,OneDay,2023-05-26T00:00:00Z,173.0101,175.4964,172.8803,175.077,24346873.0
AAPL,1001,OneDay,2023-05-30T00:00:00Z,176.3651,178.6816,176.3251,177.064,24675098.0
AAPL,1001,OneDay,2023-05-31T00:00:00Z,177.3536,179.071,176.9542,177.1439,31658383.0
AAPL,1001,OneDay,2023-06-01T00:00:00Z,177.4135,179.75,176.6646,179.7,29584746.0
AAPL,1001,OneDay,2023-06-02T00:00:00Z,180.6786,181.4574,178.9911,180.5987,27656574.0
AAPL,1001,OneDay,2023-06-05T00:00:00Z,181.7669,184.6626,177.763,179.3905,63078966.0
AAPL,1001,OneDay,2023-06-06T00:00:00Z,178.6616,179.4205,177.1639,178.9112,31026201.0
AAPL,1001,OneDay,2023-06-07T00:00:00Z,178.0525,180.9282,177.054,177.5233,27354809.0
AAPL,1001,OneDay,2023-06-08T00:00:00Z,177.9926,180.5488,177.2138,180.3491,23227175.0
AAPL,1001,OneDay,2023-06-09T00:00:00Z,181.4275,181.9467,180.369,180.7385,23223554.0
AAPL,1001,OneDay,2023-06-12T00:00:00Z,181.0181,183.5942,180.6886,183.5343,20589788.0
AAPL,1001,OneDay,2023-06-13T00:00:00Z,182.9751,183.8538,182.1663,183.065,23181624.0
AAPL,1001,OneDay,2023-06-14T00:00:00Z,183.1449,184.1034,181.7769,183.6741,25690754.0
AAPL,1001,OneDay,2023-06-15T00:00:00Z,183.7739,186.2203,183.5143,185.6811,28027789.0
AAPL,1001,OneDay,2023-06-16T00:00:00Z,186.42,186.42,184.383,184.5927,23521944.0
AAPL,1001,OneDay,2023-06-20T00:00:00Z,184.5228,185.8009,184.2332,184.8024,21000682.0
AAPL,1001,OneDay,2023-06-21T00:00:00Z,184.4629,185.1019,182.3261,183.6541,20250995.0
AAPL,1001,OneDay,2023-06-22T00:00:00Z,183.4644,186.7395,183.4644,186.7095,24022777.0
AAPL,1001,OneDay,2023-06-23T00:00:00Z,185.4015,187.2687,184.7325,186.3301,22814582.0
AAPL,1001,OneDay,2023-06-26T00:00:00Z,186.3501,187.7579,184.9621,185.0221,21540496.0
AAPL,1001,OneDay,2023-06-27T00:00:00Z,185.4714,188.0974,185.4115,187.7979,22571792.0
AAPL,1001,OneDay,2023-06-28T00:00:00Z,187.7579,189.6052,187.3186,188.8862,22842716.0
AAPL,1001,OneDay,2023-06-29T00:00:00Z,188.9761,189.745,188.6566,189.1958,20574219.0
AAPL,1001,OneDay,2023-07-03T00:00:00Z,193.4194,193.5792,191.4823,192.2013,15252104.0
AAPL,1001,OneDay,2023-07-05T00:00:00Z,191.4125,192.6706,190.3341,190.9831,21306502.0
AAPL,1001,OneDay,2023-07-06T00:00:00Z,189.735,191.722,188.9162,191.5323,20026738.0
AAPL,1001,OneDay,2023-07-07T00:00:00Z,191.033,192.351,189.9646,190.4339,20651633.0
AAPL,1001,OneDay,2023-07-10T00:00:00Z,189.0859,189.685,186.7594,188.2672,27498728.0
AAPL,1001,OneDay,2023-07-11T00:00:00Z,188.8263,188.8263,186.3101,187.8378,21298182.0
AAPL,1001,OneDay,2023-07-12T00:00:00Z,189.6152,191.4025,188.1873,189.4654,27236111.0
AAPL,1001,OneDay,2023-07-13T00:00:00Z,189.9946,190.8932,189.4953,190.354,19277694.0
AAPL,1001,OneDay,2023-07-14T00:00:00Z,190.0345,190.8832,189.3456,190.2143,18868365.0
AAPL,1001,OneDay,2023-07-17T00:00:00Z,191.5922,194.0185,191.5822,193.5892,23486116.0
AAPL,1001,OneDay,2023-07-18T00:00:00Z,192.9901,193.9486,192.1314,193.4494,23588193.0
AAPL,1001,OneDay,2023-07-19T00:00:00Z,192.8203,197.9027,192.361,194.8772,37895443.0
AAPL,1001,OneDay,2023-07-20T00:00:00Z,195.1269,196.1354,192.2113,192.9501,27939848.0
AAPL,1001,OneDay,2023-07-24T00:00:00Z,193.0799,194.6077,192.0016,192.381,22867793.0
AAPL,1001,OneDay,2023-07-25T00:00:00Z,193.06,194.1384,192.6306,193.4095,16590884.0
AAPL,1001,OneDay,2023-07-26T00:00:00Z,193.3595,195.3366,193.03,194.1683,19937725.0
AAPL,1001,OneDay,2023-07-27T00:00:00Z,195.726,196.8942,192.3111,192.9701,23416294.0
AAPL,1001,OneDay,2023-07-28T00:00:00Z,194.1184,196.3151,193.8588,195.3765,20517121.0
AAPL,1001,OneDay,2023-07-31T00:00:00Z,195.8658,196.1853,194.9671,196.1254,16817021.0
AAPL,1001,OneDay,2023-08-01T00:00:00Z,196.0754,196.4149,194.9871,195.3465,15694130.0
AAPL,1001,OneDay,2023-08-02T00:00:00Z,194.7574,194.8473,191.5622,192.3111,21346102.0
AAPL,1001,OneDay,2023-08-03T00:00:00Z,191.2227,192.0715,190.5537,190.8932,24102948.0
AAPL,1001,OneDay,2023-08-04T00:00:00Z,184.0236,187.079,181.6871,181.707,57881603.0
AAPL,1001,OneDay,2023-08-07T00:00:00Z,181.5173,182.8154,177.094,178.5618,52729348.0
AAPL,1001,OneDay,2023-08-08T00:00:00Z,179.3106,179.9696,177.3336,179.5802,34936865.0
AAPL,1001,OneDay,2023-08-09T00:00:00Z,180.5488,180.5488,176.7445,177.9027,31673491.0
AAPL,1001,OneDay,2023-08-10T00:00:00Z,179.0111,180.4689,177.3336,177.6631,28234428.0
AAPL,1001,OneDay,2023-08-11T00:00:00Z,177.1239,178.3321,176.395,177.4934,24975092.0
AAPL,1001,OneDay,2023-08-14T00:00:00Z,177.5233,179.4105,177.044,179.1609,21280627.0
AAPL,1001,OneDay,2023-08-15T00:00:00Z,178.8713,179.1808,176.7844,177.3636,18334956.0
AAPL,1001,OneDay,2023-08-16T00:00:00Z,176.7944,178.2522,176.3251,176.3251,20986822.0
AAPL,1001,OneDay,2023-08-17T00:00:00Z,176.9542,177.2238,173.2298,174.0086,28869045.0
AAPL,1001,OneDay,2023-08-18T00:00:00Z,172.1813,174.7075,172.0815,174.0186,25602785.0
AAPL,1001,OneDay,2023-08-21T00:00:00Z,174.6776,175.8558,173.4694,175.5762,20807115.0
AAPL,1001,OneDay,2023-08-22T00:00:00Z,176.7145,177.4035,175.9856,176.9442,21201297.0
AAPL,1001,OneDay,2023-08-23T00:00:00Z,178.2722,181.2677,178.0525,180.8683,26881905.0
AAPL,1001,OneDay,2023-08-24T00:00:00Z,180.3391,180.8084,175.766,176.1354,23622054.0
AAPL,1001,OneDay,2023-08-25T00:00:00Z,177.2737,178.8613,175.5563,178.2722,22763096.0
AAPL,1001,OneDay,2023-08-28T00:00:00Z,179.3905,180.2991,178.2922,179.9197,18935791.0
AAPL,1001,OneDay,2023-08-29T00:00:00Z,179.3805,184.6127,179.2308,183.9537,25678779.0
AAPL,1001,OneDay,2023-08-30T00:00:00Z,184.6626,187.4983,184.4928,187.3785,31735195.0
AAPL,1001,OneDay,2023-08-31T00:00:00Z,187.6581,188.8263,187.2088,187.718,24432742.0
AAPL,1001,OneDay,2023-09-01T00:00:00Z,188.9462,189.6052,187.9976,189.046,21252296.0
AAPL,1001,OneDay,2023-09-05T00:00:00Z,187.9077,189.685,187.3286,189.4155,23000047.0
AAPL,1001,OneDay,2023-09-06T00:00:00Z,188.377,188.4269,181.1878,182.6257,46348539.0
AAPL,1001,OneDay,2023-09-07T00:00:00Z,174.7675,177.9327,173.2997,177.5033,61311775.0
AAPL,1001,OneDay,2023-09-08T00:00:00Z,178.3621,179.9597,177.5333,177.9926,37268567.0
AAPL,1001,OneDay,2023-09-11T00:00:00Z,179.9197,179.9197,177.074,179.1009,32985512.0
AAPL,1001,OneDay,2023-09-12T00:00:00Z,179.3406,179.8099,174.5678,176.0555,50628177.0
AAPL,1001,OneDay,2023-09-13T00:00:00Z,176.2652,176.9941,173.719,173.9187,43864945.0
AAPL,1001,OneDay,2023-09-14T00:00:00Z,173.6092,175.8159,173.3296,175.4065,30653227.0
AAPL,1001,OneDay,2023-09-15T00:00:00Z,176.0755,176.0755,173.5593,174.6676,34384804.0
AAPL,1001,OneDay,2023-09-18T00:00:00Z,176.3251,179.1009,176.1753,177.6531,36384069.0
AAPL,1001,OneDay,2023-09-19T00:00:00Z,177.4734,179.3306,176.8643,178.8314,28638334.0
AAPL,1001,OneDay,2023-09-20T00:00:00Z,179.091,179.3905,175.2068,175.2168,31158219.0
AAPL,1001,OneDay,2023-09-21T00:00:00Z,174.3381,176.0156,173.6092,173.6691,31500368.0
AAPL,1001,OneDay,2023-09-22T00:00:00Z,174.1883,176.7944,173.7889,174.6077,28141976.0
AAPL,1001,OneDay,2023-09-25T00:00:00Z,174.3581,176.6746,173.9387,175.766,25438921.0
AAPL,1001,OneDay,2023-09-26T00:00:00Z,174.7475,174.7475,171.3925,171.8518,32214660.0
AAPL,1001,OneDay,2023-09-27T00:00:00Z,172.431,172.7505,168.7964,170.0845,35346465.0
AAPL,1001,OneDay,2023-09-28T00:00:00Z,168.9562,171.742,167.3885,170.3541,30101635.0
AAPL,1001,OneDay,2023-09-29T00:00:00Z,171.722,172.7904,170.0945,170.8833,23231669.0
AAPL,1001,OneDay,2023-10-02T00:00:00Z,170.8533,174.0186,170.7635,173.3596,24520101.0
AAPL,1001,OneDay,2023-10-03T00:00:00Z,172.3711,173.3496,170.5837,172.1314,25339189.0
AAPL,1001,OneDay,2023-10-04T00:00:00Z,170.9831,173.9287,170.8234,173.3396,25451916.0
AAPL,1001,OneDay,2023-10-05T00:00:00Z,173.5792,175.1768,172.431,174.6077,25532722.0
AAPL,1001,OneDay,2023-10-09T00:00:00Z,176.425,178.7714,175.5563,178.7115,22776416.0
AAPL,1001,OneDay,2023-10-10T00:00:00Z,178.0625,179.4504,177.6831,178.1424,21585820.0
AAPL,1001,OneDay,2023-10-12T00:00:00Z,179.6501,182.0565,178.7714,180.4889,28845781.0
AAPL,1001,OneDay,2023-10-13T00:00:00Z,181.1479,181.6272,177.8728,178.5618,23866835.0
AAPL,1001,OneDay,2023-10-16T00:00:00Z,176.7744,178.7914,176.2552,178.3221,25836962.0
AAPL,1001,OneDay,2023-10-17T00:00:00Z,176.395,178.1424,174.5378,176.8244,29416130.0
AAPL,1001,OneDay,2023-10-18T00:00:00Z,175.3666,177.2937,174.8374,175.4464,25674912.0
AAPL,1001,OneDay,2023-10-19T00:00:00Z,175.766,177.5633,174.9272,175.1569,25251730.0
AAPL,1001,OneDay,2023-10-20T00:00:00Z,174.8873,175.1369,172.381,172.6207,25231495.0
AAPL,1001,OneDay,2023-10-23T00:00:00Z,170.7735,173.729,169.745,172.7904,28083382.0
AAPL,1001,OneDay,2023-10-24T00:00:00Z,172.7405,173.3995,171.1928,173.1199,21471526.0
AAPL,1001,OneDay,2023-10-25T00:00:00Z,171.6322,172.7904,170.384,170.9232,24125738.0
AAPL,1001,OneDay,2023-10-26T00:00:00Z,170.0446,171.083,165.4714,166.5598,32557219.0
AAPL,1001,OneDay,2023-10-30T00:00:00Z,168.6666,170.8933,168.6167,169.9547,24627272.0
AAPL,1001,OneDay,2023-10-31T00:00:00Z,169.0061,170.6337,167.6482,170.5138,20117427.0
AAPL,1001,OneDay,2023-11-01T00:00:00Z,170.8434,173.9587,169.8648,173.719,25447809.0
AAPL,1001,OneDay,2023-11-02T00:00:00Z,175.2068,177.4534,175.2068,177.4235,31906706.0
AAPL,1001,OneDay,2023-11-03T00:00:00Z,174.1484,176.5248,173.1099,176.415,41889864.0
AAPL,1001,OneDay,2023-11-06T00:00:00Z,176.0156,179.1509,175.9457,178.9911,31547826.0
AAPL,1001,OneDay,2023-11-07T00:00:00Z,179.2707,182.1564,178.7115,181.6272,33705674.0
AAPL,1001,OneDay,2023-11-08T00:00:00Z,182.0266,183.1549,181.3176,182.6856,26760732.0
AAPL,1001,OneDay,2023-11-09T00:00:00Z,182.7654,183.8239,181.5473,182.1264,27945249.0
AAPL,1001,OneDay,2023-11-10T00:00:00Z,183.6541,186.2702,183.2547,186.1304,30549418.0
AAPL,1001,OneDay,2023-11-13T00:00:00Z,185.6611,185.741,183.9337,184.4529,21774322.0
AAPL,1001,OneDay,2023-11-14T00:00:00Z,187.1888,187.8179,186.0605,187.0191,26582285.0
AAPL,1001,OneDay,2023-11-15T00:00:00Z,187.738,189.2058,187.4983,187.7879,25121187.0
AAPL,1001,OneDay,2023-11-16T00:00:00Z,189.4155,190.6536,188.4369,189.5453,28490611.0
AAPL,1001,OneDay,2023-11-17T00:00:00Z,189.8248,190.0545,188.2871,189.4454,23626122.0
AAPL,1001,OneDay,2023-11-20T00:00:00Z,189.8049,191.6022,189.8049,191.1528,21865263.0
AAPL,1001,OneDay,2023-11-21T00:00:00Z,191.053,191.053,189.4654,190.374,19093070.0
AAPL,1001,OneDay,2023-11-22T00:00:00Z,191.2627,192.6306,190.5438,191.023,21927689.0
AAPL,1001,OneDay,2023-11-24T00:00:00Z,190.5837,190.5837,188.9661,189.6451,12517392.0
AAPL,1001,OneDay,2023-11-27T00:00:00Z,189.695,190.374,188.6167,189.4853,19153463.0
AAPL,1001,OneDay,2023-11-28T00:00:00Z,189.4254,190.7834,189.1159,190.0146,20411613.0
AAPL,1001,OneDay,2023-11-29T00:00:00Z,191.3026,191.7919,188.6865,189.056,20068089.0
AAPL,1001,OneDay,2023-11-30T00:00:00Z,189.6152,190.0245,187.9177,189.8348,19942640.0
AAPL,1001,OneDay,2023-12-05T00:00:00Z,190.2941,194.0984,190.2941,193.1798,35036485.0
AAPL,1001,OneDay,2023-12-06T00:00:00Z,194.378,194.388,191.8518,192.0914,19371093.0
AAPL,1001,OneDay,2023-12-07T00:00:00Z,193.4893,194.6875,193.3096,193.9686,22561632.0
AAPL,1001,OneDay,2023-12-08T00:00:00Z,193.8787,195.686,193.3795,195.4364,23471872.0
AAPL,1001,OneDay,2023-12-11T00:00:00Z,192.9302,193.1099,191.1429,192.9701,27115260.0
AAPL,1001,OneDay,2023-12-12T00:00:00Z,192.6206,194.348,191.4524,194.348,22195838.0
AAPL,1001,OneDay,2023-12-13T00:00:00Z,194.7375,197.683,194.6875,197.5033,31175252.0
AAPL,1001,OneDay,2023-12-14T00:00:00Z,197.8428,199.3106,195.8658,197.6531,33300736.0
AAPL,1001,OneDay,2023-12-18T00:00:00Z,196.0255,196.3151,194.1084,195.5862,25985296.0
AAPL,1001,OneDay,2023-12-19T00:00:00Z,196.0056,196.6446,195.6062,196.4748,17996295.0
AAPL,1001,OneDay,2023-12-20T00:00:00Z,196.5348,197.3735,194.7674,194.8872,22203293.0
AAPL,1001,OneDay,2023-12-21T00:00:00Z,195.8757,196.7744,193.2098,194.5777,23594760.0
AAPL,1001,OneDay,2023-12-22T00:00:00Z,194.8772,195.1069,192.6805,193.3296,18804113.0
AAPL,1001,OneDay,2023-12-26T00:00:00Z,193.4594,193.5892,192.5408,192.8004,15580442.0
AAPL,1001,OneDay,2023-12-27T00:00:00Z,192.2612,193.1998,190.8034,192.8902,24520959.0
AAPL,1001,OneDay,2023-12-28T00:00:00Z,193.9986,194.348,192.9402,193.3396,17867052.0
AAPL,1001,OneDay,2023-12-29T00:00:00Z,193.7589,194.0984,191.4424,192.391,20999121.0
AAPL,1001,OneDay,2024-01-02T00:00:00Z,187.4784,188.1274,183.6142,185.2717,39534987.0
AAPL,1001,OneDay,2024-01-03T00:00:00Z,183.9437,185.5712,183.1549,183.9537,28993798.0
AAPL,1001,OneDay,2024-01-04T00:00:00Z,181.8668,182.7954,180.6187,181.5972,35952089.0
AAPL,1001,OneDay,2024-01-08T00:00:00Z,181.727,185.3016,181.2278,185.2018,27229702.0
AAPL,1001,OneDay,2024-01-09T00:00:00Z,183.6341,184.8623,182.4559,184.7624,21565552.0
AAPL,1001,OneDay,2024-01-10T00:00:00Z,184.2233,186.1104,183.6441,185.8808,22836064.0
AAPL,1001,OneDay,2024-01-11T00:00:00Z,186.2203,186.7395,183.3546,185.3116,24480812.0
AAPL,1001,OneDay,2024-01-16T00:00:00Z,181.7969,183.9537,180.6586,183.3446,30977176.0
AAPL,1001,OneDay,2024-01-17T00:00:00Z,180.9082,182.6356,180.0296,182.3461,25132814.0
AAPL,1001,OneDay,2024-01-18T00:00:00Z,185.8508,188.8463,185.5612,188.3471,40393871.0
AAPL,1001,OneDay,2024-01-19T00:00:00Z,189.2956,191.6521,188.5567,191.2227,29946028.0
AAPL,1001,OneDay,2024-01-22T00:00:00Z,192.0814,195.0071,192.0116,193.4893,31178308.0
AAPL,1001,OneDay,2024-01-23T00:00:00Z,194.7874,195.4065,193.5293,194.8273,23179489.0
AAPL,1001,OneDay,2024-01-24T00:00:00Z,195.2068,196.0655,194.0585,194.2083,26721840.0
AAPL,1001,OneDay,2024-01-25T00:00:00Z,194.9571,195.9656,192.8303,193.8388,26326171.0
AAPL,1001,OneDay,2024-01-26T00:00:00Z,193.719,194.4579,191.6521,191.9516,21577661.0
AAPL,1001,OneDay,2024-01-29T00:00:00Z,191.7619,191.9017,189.2856,191.4724,23117720.0
AAPL,1001,OneDay,2024-01-30T00:00:00Z,190.5038,191.5023,187.1888,187.7579,30378423.0
AAPL,1001,OneDay,2024-01-31T00:00:00Z,186.6796,186.6796,184.423,184.423,26020075.0
AAPL,1001,OneDay,2024-02-01T00:00:00Z,183.6341,186.6097,183.6341,186.4599,27682655.0
AAPL,1001,OneDay,2024-02-02T00:00:00Z,179.051,186.8892,178.9711,185.711,52867815.0
AAPL,1001,OneDay,2024-02-05T00:00:00Z,187.1289,188.9561,185.5712,187.4484,35850641.0
AAPL,1001,OneDay,2024-02-06T00:00:00Z,187.049,188.9961,186.9791,188.9961,21817599.0
AAPL,1001,OneDay,2024-02-07T00:00:00Z,190.4339,190.6935,188.3271,189.1059,26729826.0
AAPL,1001,OneDay,2024-02-08T00:00:00Z,189.0959,189.2357,187.059,187.9976,21116027.0
AAPL,1001,OneDay,2024-02-09T00:00:00Z,188.5567,189.695,187.728,188.4868,22659001.0
AAPL,1001,OneDay,2024-02-12T00:00:00Z,188.1573,188.377,186.5098,186.8593,21357615.0
AAPL,1001,OneDay,2024-02-13T00:00:00Z,185.8608,185.9007,183.2347,184.7624,24555115.0
AAPL,1001,OneDay,2024-02-14T00:00:00Z,185.082,185.1718,182.1663,183.9437,26527928.0
AAPL,1001,OneDay,2024-02-15T00:00:00Z,183.2946,184.1134,181.1678,183.6142,31439171.0
AAPL,1001,OneDay,2024-02-16T00:00:00Z,183.4344,184.5528,181.3875,181.9067,23164291.0
AAPL,1001,OneDay,2024-02-20T00:00:00Z,181.4674,182.1364,179.74,181.3276,24017574.0
AAPL,1001,OneDay,2024-02-21T00:00:00Z,181.4075,182.5957,180.389,182.0266,19746997.0
AAPL,1001,OneDay,2024-02-22T00:00:00Z,183.3146,184.6626,182.1963,184.0236,24936690.0
AAPL,1001,OneDay,2024-02-23T00:00:00Z,184.363,184.6426,182.0365,182.366,20307905.0
AAPL,1001,OneDay,2024-02-26T00:00:00Z,181.9067,182.4659,180.379,180.8783,21132321.0
AAPL,1001,OneDay,2024-02-27T00:00:00Z,180.8383,183.6142,179.74,182.416,31219547.0
AAPL,1001,OneDay,2024-02-28T00:00:00Z,182.3061,182.7854,179.8598,181.058,26525158.0
AAPL,1001,OneDay,2024-02-29T00:00:00Z,181.068,182.2662,179.2607,180.409,35262232.0
AAPL,1001,OneDay,2024-03-01T00:00:00Z,179.3206,180.2193,177.1139,179.3905,41013639.0
AAPL,1001,OneDay,2024-03-04T00:00:00Z,175.3066,176.5747,173.5293,174.7774,44837862.0
AAPL,1001,OneDay,2024-03-05T00:00:00Z,170.4939,171.732,169.4055,169.8548,50892069.0
AAPL,1001,OneDay,2024-03-06T00:00:00Z,170.1244,170.4739,168.437,168.9662,37305491.0
AAPL,1001,OneDay,2024-03-07T00:00:00Z,168.8364,170.4639,168.2473,168.8663,39699794.0
AAPL,1001,OneDay,2024-03-08T00:00:00Z,168.6866,173.4295,168.6866,170.7036,45069811.0
AAPL,1001,OneDay,2024-03-11T00:00:00Z,173.1599,174.0685,171.7919,172.5108,32139083.0
AAPL,1001,OneDay,2024-03-12T00:00:00Z,172.9901,173.759,170.7635,172.9302,32388845.0
AAPL,1001,OneDay,2024-03-13T00:00:00Z,172.5508,172.9003,170.5039,170.8833,27318774.0
AAPL,1001,OneDay,2024-03-14T00:00:00Z,172.2612,174.0386,171.7919,172.8104,38231860.0
AAPL,1001,OneDay,2024-03-15T00:00:00Z,171.3126,172.3012,170.0446,172.2812,46032596.0
AAPL,1001,OneDay,2024-03-18T00:00:00Z,174.9672,177.4235,173.2597,173.4395,38099031.0
AAPL,1001,OneDay,2024-03-19T00:00:00Z,173.4894,176.3351,172.7804,175.6262,29114381.0
AAPL,1001,OneDay,2024-03-20T00:00:00Z,175.2867,178.2922,174.8374,178.2622,28272607.0
AAPL,1001,OneDay,2024-03-21T00:00:00Z,176.5648,177.2138,170.5837,171.2328,63055503.0
AAPL,1001,OneDay,2024-03-22T00:00:00Z,171.4724,172.7804,169.8049,172.0416,38105004.0
AAPL,1001,OneDay,2024-03-25T00:00:00Z,170.1544,171.6721,169.1958,170.6636,29718279.0
AAPL,1001,OneDay,2024-03-26T00:00:00Z,169.8049,171.1529,169.3855,169.5353,29336056.0
AAPL,1001,OneDay,2024-03-27T00:00:00Z,170.0446,173.3296,169.8548,172.9402,32463738.0
AAPL,1001,OneDay,2024-03-28T00:00:00Z,171.3027,171.9617,170.2642,171.3925,32319812.0
AAPL,1001,OneDay,2024-04-01T00:00:00Z,170.6936,170.9532,169.2258,169.745,23796898.0
AAPL,1001,OneDay,2024-04-02T00:00:00Z,168.6167,169.076,167.9976,168.7066,22591275.0
AAPL,1001,OneDay,2024-04-03T00:00:00Z,168.5368,170.414,168.3371,169.4554,25955485.0
AAPL,1001,OneDay,2024-04-04T00:00:00Z,170.434,171.6521,168.6067,168.6866,28667154.0
AAPL,1001,OneDay,2024-04-05T00:00:00Z,169.2458,170.1244,168.7165,169.3256,23386441.0
AAPL,1001,OneDay,2024-04-08T00:00:00Z,168.8464,168.8963,167.9876,168.2772,19323868.0
AAPL,1001,OneDay,2024-04-09T00:00:00Z,168.427,169.8049,168.1075,169.4155,25035306.0
AAPL,1001,OneDay,2024-04-10T00:00:00Z,168.5368,168.7765,166.8593,167.778,26722057.0
AAPL,1001,OneDay,2024-04-11T00:00:00Z,168.0276,175.1868,167.9078,174.7375,52855464.0
AAPL,1001,OneDay,2024-04-12T00:00:00Z,174.0885,178.0625,174.0186,176.2552,61416841.0
AAPL,1001,OneDay,2024-04-15T00:00:00Z,175.3466,176.3151,172.2413,172.4809,37975265.0
AAPL,1001,OneDay,2024-04-16T00:00:00Z,172.0116,173.4794,168.0176,169.1459,42964367.0
AAPL,1001,OneDay,2024-04-17T00:00:00Z,169.1958,170.3641,167.778,167.8379,27699513.0
AAPL,1001,OneDay,2024-04-18T00:00:00Z,167.9876,168.3671,166.3002,166.7894,23497246.0
AAPL,1001,OneDay,2024-04-19T00:00:00Z,165.6911,166.1304,163.8339,164.6427,36663983.0
AAPL,1001,OneDay,2024-04-22T00:00:00Z,165.4814,166.9891,164.5228,165.5513,24306048.0
AAPL,1001,OneDay,2024-04-23T00:00:00Z,164.8823,166.7894,164.6826,166.6796,24742317.0
AAPL,1001,OneDay,2024-04-24T00:00:00Z,166.1504,169.0161,166.1005,168.8164,25588581.0
AAPL,1001,OneDay,2024-04-26T00:00:00Z,169.6851,171.063,168.9362,169.0261,24145423.0
AAPL,1001,OneDay,2024-04-29T00:00:00Z,173.08,175.736,172.8803,173.1499,37137321.0
AAPL,1001,OneDay,2024-04-30T00:00:00Z,173.1399,174.7175,169.775,170.0645,28751189.0
AAPL,1001,OneDay,2024-05-01T00:00:00Z,169.6951,172.441,168.8464,169.1159,27968571.0
AAPL,1001,OneDay,2024-05-02T00:00:00Z,171.772,173.1399,170.6337,172.9003,37282523.0
AAPL,1001,OneDay,2024-05-03T00:00:00Z,186.41,186.6097,182.386,183.1249,89882570.0
AAPL,1001,OneDay,2024-05-06T00:00:00Z,182.0964,183.8239,180.1594,181.3176,45329792.0
AAPL,1001,OneDay,2024-05-07T00:00:00Z,183.2347,184.6027,181.048,182.1663,43578636.0
AAPL,1001,OneDay,2024-05-08T00:00:00Z,182.6456,182.7455,181.1978,182.4359,23925284.0
AAPL,1001,OneDay,2024-05-09T00:00:00Z,182.2063,184.363,181.8269,184.3531,27865072.0
AAPL,1001,OneDay,2024-05-13T00:00:00Z,184.9422,186.8094,184.3331,186.0705,38927421.0
AAPL,1001,OneDay,2024-05-14T00:00:00Z,187.4684,187.9976,186.0106,187.1688,24129550.0
AAPL,1001,OneDay,2024-05-15T00:00:00Z,187.688,190.354,187.1089,189.4354,37531902.0
AAPL,1001,OneDay,2024-05-16T00:00:00Z,190.2342,190.8034,189.3755,189.4055,25827874.0
AAPL,1001,OneDay,2024-05-20T00:00:00Z,188.9961,191.6122,188.7365,190.7534,22906490.0
AAPL,1001,OneDay,2024-05-21T00:00:00Z,190.7834,192.4209,190.6736,192.1214,23235259.0
AAPL,1001,OneDay,2024-05-22T00:00:00Z,191.8917,192.5308,189.9846,190.5937,18330694.0
AAPL,1001,OneDay,2024-05-23T00:00:00Z,190.6436,190.6436,186.3501,186.5697,26888891.0
AAPL,1001,OneDay,2024-05-28T00:00:00Z,191.3126,192.6706,188.8263,189.6551,28236214.0
AAPL,1001,OneDay,2024-05-29T00:00:00Z,189.4754,191.9417,189.4055,189.9946,27586769.0
AAPL,1001,OneDay,2024-05-30T00:00:00Z,190.4739,191.8817,190.3441,191.063,24951329.0
AAPL,1001,OneDay,2024-05-31T00:00:00Z,191.1928,192.2512,189.6251,191.8817,27779814.0
AAPL,1001,OneDay,2024-06-03T00:00:00Z,192.7405,194.6875,192.2712,193.709,28956217.0
AAPL,1001,OneDay,2024-06-04T00:00:00Z,194.6676,195.017,192.7504,194.0185,25152325.0
AAPL,1001,OneDay,2024-06-05T00:00:00Z,195.067,196.5947,194.5877,195.4364,31363561.0
AAPL,1001,OneDay,2024-06-06T00:00:00Z,195.5762,196.1853,193.8787,194.0884,22970507.0
AAPL,1001,OneDay,2024-06-07T00:00:00Z,194.6077,196.6346,193.8787,196.5048,30586547.0
AAPL,1001,OneDay,2024-06-10T00:00:00Z,196.8143,196.8143,191.8718,192.6007,59422998.0
AAPL,1001,OneDay,2024-06-11T00:00:00Z,193.5892,206.7394,193.5892,206.7394,104920938.0
AAPL,1001,OneDay,2024-06-12T00:00:00Z,207.039,219.8497,206.6096,212.7404,132487556.0
AAPL,1001,OneDay,2024-06-13T00:00:00Z,214.987,216.3849,211.3026,213.7888,63814959.0
AAPL,1001,OneDay,2024-06-14T00:00:00Z,213.4793,214.6775,211.003,212.1713,46615086.0
AAPL,1001,OneDay,2024-06-17T00:00:00Z,212.8902,218.5916,212.4009,216.1253,55211163.0
AAPL,1001,OneDay,2024-06-18T00:00:00Z,217.3435,218.2821,212.6805,213.9985,56027364.0
AAPL,1001,OneDay,2024-06-20T00:00:00Z,213.4693,213.8587,208.5567,209.2457,47802459.0
AAPL,1001,OneDay,2024-06-21T00:00:00Z,210.1243,211.5322,207.1588,207.5782,55751013.0
AAPL,1001,OneDay,2024-06-24T00:00:00Z,207.3385,212.351,206.3201,208.0874,43405470.0
AAPL,1001,OneDay,2024-06-25T00:00:00Z,208.4169,211.043,208.2971,208.996,27443343.0
AAPL,1001,OneDay,2024-06-26T00:00:00Z,211.2327,214.4978,210.324,213.04,35913347.0
AAPL,1001,OneDay,2024-06-27T00:00:00Z,214.4578,215.3465,212.0415,213.5492,28441378.0
AAPL,1001,OneDay,2024-06-28T00:00:00Z,215.4463,215.706,210.2142,210.2142,37181564.0
AAPL,1001,OneDay,2024-07-01T00:00:00Z,211.6321,217.1738,211.6321,216.4349,35396747.0
AAPL,1001,OneDay,2024-07-02T00:00:00Z,215.656,219.9995,214.7774,219.9696,31934526.0
AAPL,1001,OneDay,2024-07-03T00:00:00Z,219.9096,221.0979,218.7114,220.988,20838791.0
AAPL,1001,OneDay,2024-07-05T00:00:00Z,221.6271,226.1003,221.3774,226.0504,32534796.0
AAPL,1001,OneDay,2024-07-08T00:00:00Z,226.8692,227.4883,222.9251,227.3585,33501365.0
AAPL,1001,OneDay,2024-07-09T00:00:00Z,227.5781,229.0359,226.0205,228.347,28705418.0
AAPL,1001,OneDay,2024-07-10T00:00:00Z,228.9161,232.6705,228.9061,232.6405,35016457.0
AAPL,1001,OneDay,2024-07-11T00:00:00Z,230.8232,231.9316,225.4214,227.2985,35482351.0
AAPL,1001,OneDay,2024-07-12T00:00:00Z,228.6066,232.2811,228.337,229.8547,29572393.0
AAPL,1001,OneDay,2024-07-15T00:00:00Z,235.5262,236.6645,232.7304,233.8287,31458933.0
AAPL,1001,OneDay,2024-07-16T00:00:00Z,234.7074,235.8856,231.9815,234.328,23424692.0
AAPL,1001,OneDay,2024-07-17T00:00:00Z,229.1158,231.0429,226.32,228.5067,30180954.0
AAPL,1001,OneDay,2024-07-18T00:00:00Z,229.5651,230.0344,222.1363,223.9536,35599353.0
AAPL,1001,OneDay,2024-07-19T00:00:00Z,225.0619,226.4398,222.9451,224.0834,25213549.0
AAPL,1001,OneDay,2024-07-22T00:00:00Z,227.1088,227.4184,222.7554,223.6141,24397906.0
AAPL,1001,OneDay,2024-07-23T00:00:00Z,223.2746,226.5796,222.366,224.6226,24095103.0
AAPL,1001,OneDay,2024-07-24T00:00:00Z,223.7439,224.4129,216.8143,218.4319,30916148.0
AAPL,1001,OneDay,2024-07-25T00:00:00Z,218.9711,220.4888,214.2981,217.1738,28492735.0
AAPL,1001,OneDay,2024-07-26T00:00:00Z,218.0325,219.1508,215.686,217.5332,22226179.0
AAPL,1001,OneDay,2024-07-29T00:00:00Z,216.8942,218.9311,215.4264,217.9426,20813743.0
AAPL,1001,OneDay,2024-07-30T00:00:00Z,218.981,219.9696,215.7858,218.4618,21717405.0
AAPL,1001,OneDay,2024-07-31T00:00:00Z,220.7783,223.4643,220.349,221.9066,23017006.0
AAPL,1001,OneDay,2024-08-01T00:00:00Z,223.3645,223.9536,216.6945,217.8028,29691594.0
AAPL,1001,OneDay,2024-08-02T00:00:00Z,219.001,225.1817,217.4433,219.3006,51828956.0
AAPL,1001,OneDay,2024-08-05T00:00:00Z,197.8727,213.0799,197.8727,208.5966,58422925.0
AAPL,1001,OneDay,2024-08-06T00:00:00Z,205.052,209.665,200.7684,206.7694,36573444.0
AAPL,1001,OneDay,2024-08-07T00:00:00Z,207.1388,213.2996,207.1388,209.4454,30527216.0
AAPL,1001,OneDay,2024-08-08T00:00:00Z,212.0914,213.8587,208.5068,213.0999,23104120.0
AAPL,1001,OneDay,2024-08-09T00:00:00Z,211.8717,216.4349,211.682,215.9256,20559112.0
AAPL,1001,OneDay,2024-08-12T00:00:00Z,215.5562,219.1608,215.4863,217.2037,20333544.0
AAPL,1001,OneDay,2024-08-13T00:00:00Z,218.8812,221.5472,218.8812,220.9081,20084238.0
AAPL,1001,OneDay,2024-08-14T00:00:00Z,219.8897,222.6655,219.3305,221.5272,20248777.0
AAPL,1001,OneDay,2024-08-15T00:00:00Z,223.6041,224.992,222.4259,224.2331,21639257.0
AAPL,1001,OneDay,2024-08-16T00:00:00Z,223.7838,226.4598,223.3045,225.7309,18564521.0
AAPL,1001,OneDay,2024-08-19T00:00:00Z,224.9021,225.6011,222.6955,225.4413,19506251.0
AAPL,1001,OneDay,2024-08-20T00:00:00Z,225.3515,226.8093,225.3515,226.1003,15626390.0
AAPL,1001,OneDay,2024-08-21T00:00:00Z,225.9206,227.628,224.9121,226.0704,17106027.0
AAPL,1001,OneDay,2024-08-22T00:00:00Z,227.1687,227.9875,223.5741,223.9436,19188388.0
AAPL,1001,OneDay,2024-08-23T00:00:00Z,225.5811,227.8577,223.9835,226.5297,18711993.0
AAPL,1001,OneDay,2024-08-26T00:00:00Z,226.2501,226.7993,223.5542,226.7993,16134186.0
AAPL,1001,OneDay,2024-08-27T00:00:00Z,225.5711,228.4967,224.5527,227.678,17396892.0
AAPL,1001,OneDay,2024-08-28T00:00:00Z,227.7079,229.4952,225.3315,225.9705,19724948.0
AAPL,1001,OneDay,2024-08-29T00:00:00Z,229.5751,232.5507,228.5467,229.3854,29573958.0
AAPL,1001,OneDay,2024-08-30T00:00:00Z,229.665,230.0244,227.1388,228.6465,20533161.0
AAPL,1001,OneDay,2024-09-03T00:00:00Z,227.9176,228.6365,220.8482,222.336,25129094.0
AAPL,1001,OneDay,2024-09-04T00:00:00Z,220.978,221.2376,217.1738,220.7184,24392080.0
AAPL,1001,OneDay,2024-09-05T00:00:00Z,221.8867,225.1218,221.4873,221.7469,20735508.0
AAPL,1001,OneDay,2024-09-06T00:00:00Z,223.3545,224.8722,219.4403,220.4688,24701949.0
AAPL,1001,OneDay,2024-09-09T00:00:00Z,220.1892,220.8982,216.3949,220.5886,40086386.0
AAPL,1001,OneDay,2024-09-10T00:00:00Z,218.5217,221.1278,216.4149,219.9596,28418540.0
AAPL,1001,OneDay,2024-09-11T00:00:00Z,220.8183,222.7054,217.5732,222.5756,22405255.0
AAPL,1001,OneDay,2024-09-12T00:00:00Z,221.9166,223.1947,219.5202,222.336,20658809.0
AAPL,1001,OneDay,2024-09-13T00:00:00Z,222.2661,223.684,221.6071,222.0864,19944355.0
AAPL,1001,OneDay,2024-09-16T00:00:00Z,215.2966,216.8642,213.6091,215.9256,34002756.0
AAPL,1001,OneDay,2024-09-17T00:00:00Z,215.5462,216.5647,214.1783,216.325,24807663.0
AAPL,1001,OneDay,2024-09-18T00:00:00Z,217.5132,222.306,217.5132,220.2591,31914022.0
AAPL,1001,OneDay,2024-09-19T00:00:00Z,224.7524,229.4653,224.313,227.9775,34087747.0
AAPL,1001,OneDay,2024-09-20T00:00:00Z,229.5951,232.7204,227.7379,227.7379,56779140.0
AAPL,1001,OneDay,2024-09-23T00:00:00Z,226.5696,229.0859,225.4813,226.1403,26059306.0
AAPL,1001,OneDay,2024-09-24T00:00:00Z,228.2471,228.9561,225.4114,227.0489,16980381.0
AAPL,1001,OneDay,2024-09-25T00:00:00Z,224.5627,226.9291,223.684,225.8307,20115500.0
AAPL,1001,OneDay,2024-09-26T00:00:00Z,226.8792,228.1273,225.1118,227.3285,17046614.0
AAPL,1001,OneDay,2024-09-27T00:00:00Z,228.6865,229.1458,226.969,227.3784,16663749.0
AAPL,1001,OneDay,2024-09-30T00:00:00Z,229.4453,232.1612,229.4453,232.0614,22058269.0
AAPL,1001,OneDay,2024-10-01T00:00:00Z,228.4768,228.4768,223.4044,225.681,30223236.0
AAPL,1001,OneDay,2024-10-02T00:00:00Z,225.3315,227.009,222.6855,226.4298,18982790.0
AAPL,1001,OneDay,2024-10-03T00:00:00Z,225.0619,226.4398,222.995,225.3515,17933633.0
AAPL,1001,OneDay,2024-10-04T00:00:00Z,227.5282,227.5282,223.8337,226.34,18047083.0
AAPL,1001,OneDay,2024-10-07T00:00:00Z,224.343,225.3415,220.998,221.3275,18034188.0
AAPL,1001,OneDay,2024-10-08T00:00:00Z,223.9436,225.631,222.9251,225.3714,15281299.0
AAPL,1001,OneDay,2024-10-09T00:00:00Z,224.8023,229.3954,224.5027,229.1957,17198371.0
AAPL,1001,OneDay,2024-10-10T00:00:00Z,227.3884,229.1258,226.8292,228.7763,12573366.0
AAPL,1001,OneDay,2024-10-14T00:00:00Z,228.5567,231.3724,228.4668,231.013,17581631.0
AAPL,1001,OneDay,2024-10-15T00:00:00Z,232.6205,237.1138,232.0214,233.4593,31429269.0
AAPL,1001,OneDay,2024-10-16T00:00:00Z,231.2626,231.7319,229.5052,231.4323,17373432.0
AAPL,1001,OneDay,2024-10-17T00:00:00Z,233.3794,233.3794,230.1642,231.8217,22878173.0
AAPL,1001,OneDay,2024-10-21T00:00:00Z,234.298,236.4748,234.2082,236.1253,16709540.0
AAPL,1001,OneDay,2024-10-22T00:00:00Z,233.2895,235.8157,232.2511,235.5761,16535516.0
AAPL,1001,OneDay,2024-10-23T00:00:00Z,233.8287,234.7673,227.4184,230.2641,28023240.0
AAPL,1001,OneDay,2024-10-24T00:00:00Z,229.5951,230.4638,228.0674,230.2142,14331378.0
AAPL,1001,OneDay,2024-10-28T00:00:00Z,232.98,234.3579,232.2011,232.9899,14502826.0
AAPL,1001,OneDay,2024-10-29T00:00:00Z,233.0499,233.9685,232.0014,233.2995,15128111.0
AAPL,1001,OneDay,2024-10-30T00:00:00Z,231.7119,232.8402,229.2456,229.635,20221111.0
AAPL,1001,OneDay,2024-10-31T00:00:00Z,228.5965,229.4652,226.0504,226.29,22993820.0
AAPL,1001,OneDay,2024-11-01T00:00:00Z,220.7383,224.972,220.5886,222.6655,32920306.0
AAPL,1001,OneDay,2024-11-04T00:00:00Z,221.0778,222.4458,219.4403,221.7368,19648058.0
AAPL,1001,OneDay,2024-11-05T00:00:00Z,221.9166,223.5941,221.5971,223.1447,14948843.0
AAPL,1001,OneDay,2024-11-06T00:00:00Z,221.9266,225.7009,220.8682,222.2261,25289778.0
AAPL,1001,OneDay,2024-11-07T00:00:00Z,224.5826,227.5182,224.5826,227.2785,20409362.0
AAPL,1001,OneDay,2024-11-08T00:00:00Z,226.9091,228.287,226.0604,226.6894,17461779.0
AAPL,1001,OneDay,2024-11-11T00:00:00Z,224.8821,225.3115,221.1677,223.9435,21591465.0
AAPL,1001,OneDay,2024-11-12T00:00:00Z,224.4727,225.2116,223.0149,223.664,18602661.0
AAPL,1001,OneDay,2024-11-13T00:00:00Z,224.4827,226.3,222.4258,224.8921,18862008.0
AAPL,1001,OneDay,2024-11-14T00:00:00Z,225.2915,228.5167,224.7224,227.9475,20031247.0
AAPL,1001,OneDay,2024-11-15T00:00:00Z,225.8207,226.5396,223.9335,224.6425,19642828.0
AAPL,1001,OneDay,2024-11-18T00:00:00Z,224.9021,229.3854,224.9021,227.8876,18111820.0
AAPL,1001,OneDay,2024-11-19T00:00:00Z,227.1287,229.8047,226.7893,227.9575,16548456.0
AAPL,1001,OneDay,2024-11-21T00:00:00Z,229.1357,229.7748,225.4013,228.1971,20087091.0
AAPL,1001,OneDay,2024-11-22T00:00:00Z,228.0474,230.3539,228.0474,229.5052,17201127.0
AAPL,1001,OneDay,2024-11-25T00:00:00Z,231.4223,232.8901,229.3953,232.5506,22087481.0
AAPL,1001,OneDay,2024-11-26T00:00:00Z,233.5791,235.2066,233.2995,234.6974,21359939.0
AAPL,1001,OneDay,2024-11-27T00:00:00Z,234.5975,235.3264,233.4592,234.6275,14151540.0
AAPL,1001,OneDay,2024-12-02T00:00:00Z,236.954,240.4188,236.7942,239.2605,19651905.0
AAPL,1001,OneDay,2024-12-03T00:00:00Z,239.2605,242.3858,238.5716,242.246,17959368.0
AAPL,1001,OneDay,2024-12-04T00:00:00Z,242.7852,243.7038,240.948,242.5855,20840692.0
AAPL,1001,OneDay,2024-12-05T00:00:00Z,243.7038,244.1532,241.8367,242.5456,17940840.0
AAPL,1001,OneDay,2024-12-06T00:00:00Z,242.5755,244.253,241.7368,242.3858,17403451.0
AAPL,1001,OneDay,2024-12-09T00:00:00Z,241.5671,246.8591,241.5671,246.5396,20745712.0
AAPL,1001,OneDay,2024-12-10T00:00:00Z,246.7593,247.8277,244.9819,247.2286,16521666.0
AAPL,1001,OneDay,2024-12-11T00:00:00Z,247.5081,250.4238,245.9105,246.1002,20351098.0
AAPL,1001,OneDay,2024-12-12T00:00:00Z,246.4098,248.3569,245.3214,247.6379,14611932.0
AAPL,1001,OneDay,2024-12-13T00:00:00Z,247.7578,248.906,245.8706,247.6879,14255959.0
AAPL,1001,OneDay,2024-12-16T00:00:00Z,247.4382,250.9829,247.4382,250.5436,18084589.0
AAPL,1001,OneDay,2024-12-17T00:00:00Z,250.274,253.3993,249.4552,252.9899,19609869.0
AAPL,1001,OneDay,2024-12-18T00:00:00Z,252.5805,253.8885,247.4682,247.4782,23561235.0
AAPL,1001,OneDay,2024-12-19T00:00:00Z,247.5481,251.4622,246.7193,249.4752,21425385.0
AAPL,1001,OneDay,2024-12-20T00:00:00Z,247.2086,254.5875,245.9305,254.5875,31750237.0
AAPL,1001,OneDay,2024-12-24T00:00:00Z,254.927,257.7627,254.927,257.6928,10280210.0
AAPL,1001,OneDay,2024-12-26T00:00:00Z,257.7328,259.61,257.2535,258.7612,15141140.0
AAPL,1001,OneDay,2024-12-27T00:00:00Z,257.4931,258.2819,252.6804,255.2465,19699392.0
AAPL,1001,OneDay,2024-12-30T00:00:00Z,252.1412,253.1097,250.3838,251.8616,15425029.0
AAPL,1001,OneDay,2024-12-31T00:00:00Z,251.9714,252.8501,249.0658,249.9644,16709566.0
AAPL,1001,OneDay,2025-01-02T00:00:00Z,248.3469,248.6364,241.4672,243.2346,30824776.0
AAPL,1001,OneDay,2025-01-03T00:00:00Z,241.9764,243.7737,241.5271,243.1846,20375103.0
AAPL,1001,OneDay,2025-01-06T00:00:00Z,243.7338,246.939,243.7338,244.6524,18478269.0
AAPL,1001,OneDay,2025-01-07T00:00:00Z,242.7553,245.1517,240.9979,241.8766,18425452.0
AAPL,1001,OneDay,2025-01-08T00:00:00Z,241.3674,243.3144,239.6999,242.286,16799934.0
AAPL,1001,OneDay,2025-01-10T00:00:00Z,239.1607,239.6999,232.6704,236.4248,28755827.0
AAPL,1001,OneDay,2025-01-13T00:00:00Z,232.5306,234.308,229.4553,233.9884,23036960.0
AAPL,1001,OneDay,2025-01-14T00:00:00Z,234.0583,235.7158,232.1312,232.9899,17130143.0
AAPL,1001,OneDay,2025-01-15T00:00:00Z,234.6075,238.1722,234.6075,237.3334,17625556.0
AAPL,1001,OneDay,2025-01-16T00:00:00Z,237.0439,237.613,227.6779,227.8577,37985026.0
AAPL,1001,OneDay,2025-01-17T00:00:00Z,231.2925,231.7019,228.1372,229.635,29164278.0
AAPL,1001,OneDay,2025-01-21T00:00:00Z,223.6739,223.7239,219.0609,222.4358,48226644.0
AAPL,1001,OneDay,2025-01-22T00:00:00Z,220.1692,223.634,220.1692,223.5142,29597613.0
AAPL,1001,OneDay,2025-01-23T00:00:00Z,224.2031,226.6495,221.9665,223.2446,31153910.0
AAPL,1001,OneDay,2025-01-24T00:00:00Z,225.1218,225.1218,221.0778,222.4458,26571615.0
AAPL,1001,OneDay,2025-01-27T00:00:00Z,224.962,231.7718,224.4628,229.595,44990006.0
AAPL,1001,OneDay,2025-01-28T00:00:00Z,231.0628,239.7897,231.0628,238.0124,37949433.0
AAPL,1001,OneDay,2025-01-29T00:00:00Z,234.7773,239.4203,234.1682,239.4103,22128561.0
AAPL,1001,OneDay,2025-01-30T00:00:00Z,238.2421,240.3988,236.8641,237.2535,22343923.0
AAPL,1001,OneDay,2025-01-31T00:00:00Z,246.1901,246.6195,233.0998,235.5361,47235807.0
AAPL,1001,OneDay,2025-02-03T00:00:00Z,230.8631,231.4323,225.3714,227.5681,35478849.0
AAPL,1001,OneDay,2025-02-04T00:00:00Z,227.4782,232.7603,226.32,232.4607,21678612.0
AAPL,1001,OneDay,2025-02-05T00:00:00Z,228.6465,232.301,228.0673,232.261,19038208.0
AAPL,1001,OneDay,2025-02-06T00:00:00Z,231.0429,233.4293,230.0743,232.8801,15166700.0
AAPL,1001,OneDay,2025-02-07T00:00:00Z,232.0114,233.609,226.959,227.3584,20502692.0
AAPL,1001,OneDay,2025-02-10T00:00:00Z,229.655,230.2241,226.8592,227.2386,15303519.0
AAPL,1001,OneDay,2025-02-11T00:00:00Z,228.1372,234.8671,228.1372,232.2111,27144252.0
AAPL,1001,OneDay,2025-02-12T00:00:00Z,231.652,236.5346,230.3639,236.5047,20219624.0
AAPL,1001,OneDay,2025-02-13T00:00:00Z,237.643,241.9665,235.2466,241.2376,23794945.0
AAPL,1001,OneDay,2025-02-14T00:00:00Z,241.1177,244.942,241.1177,244.283,20555305.0
AAPL,1001,OneDay,2025-02-18T00:00:00Z,244.4927,244.7523,241.4872,244.0633,18132923.0
AAPL,1001,OneDay,2025-02-19T00:00:00Z,244.5526,245.601,242.8152,244.4228,15517310.0
AAPL,1001,OneDay,2025-02-20T00:00:00Z,245.0518,246.3698,243.9235,245.4812,16894845.0
AAPL,1001,OneDay,2025-02-21T00:00:00Z,246.0403,248.3069,244.8521,245.1816,23252559.0
AAPL,1001,OneDay,2025-02-24T00:00:00Z,245.0518,248.4367,244.4727,246.899,24706836.0
AAPL,1001,OneDay,2025-02-25T00:00:00Z,247.608,249.4852,244.5426,246.9689,23911509.0
AAPL,1001,OneDay,2025-02-26T00:00:00Z,244.5226,244.5226,238.7613,239.7698,23240076.0
AAPL,1001,OneDay,2025-02-27T00:00:00Z,239.2406,242.0863,236.8042,236.9041,18443756.0
AAPL,1001,OneDay,2025-02-28T00:00:00Z,236.3449,241.6969,234.288,241.2076,20998665.0
AAPL,1001,OneDay,2025-03-03T00:00:00Z,241.607,243.614,235.7558,237.8227,21832264.0
AAPL,1001,OneDay,2025-03-04T00:00:00Z,237.643,239.6699,234.3479,235.7258,25925036.0
AAPL,1001,OneDay,2025-03-05T00:00:00Z,234.6475,236.1252,228.8861,235.3264,22926689.0
AAPL,1001,OneDay,2025-03-06T00:00:00Z,233.3893,237.4832,232.97,234.8771,22120670.0
AAPL,1001,OneDay,2025-03-07T00:00:00Z,234.917,240.968,234.4078,238.7213,24749262.0
AAPL,1001,OneDay,2025-03-10T00:00:00Z,234.977,234.977,223.8936,226.7593,36895065.0
AAPL,1001,OneDay,2025-03-11T00:00:00Z,223.4043,225.4013,217.1637,220.7583,37630257.0
AAPL,1001,OneDay,2025-03-12T00:00:00Z,219.1507,221.3574,214.5876,216.9141,33501359.0
AAPL,1001,OneDay,2025-03-13T00:00:00Z,214.9271,216.4548,208.1473,209.2057,33226402.0
AAPL,1001,OneDay,2025-03-14T00:00:00Z,211.3225,213.5991,209.2756,213.2097,30693210.0
AAPL,1001,OneDay,2025-03-17T00:00:00Z,212.5007,214.8672,209.7149,213.7588,23723373.0
AAPL,1001,OneDay,2025-03-18T00:00:00Z,213.4992,214.7973,211.2426,212.4308,21024642.0
AAPL,1001,OneDay,2025-03-19T00:00:00Z,213.7688,218.4019,213.4293,214.9071,24954173.0
AAPL,1001,OneDay,2025-03-20T00:00:00Z,213.2796,217.1338,211.9016,213.9286,22692746.0
AAPL,1001,OneDay,2025-03-21T00:00:00Z,211.672,218.4917,211.2726,218.2121,27715533.0
AAPL,1001,OneDay,2025-03-24T00:00:00Z,220.1692,220.6285,218.2621,220.1492,20495910.0
AAPL,1001,OneDay,2025-03-25T00:00:00Z,220.6485,223.7538,219.7299,223.4443,17372002.0
AAPL,1001,OneDay,2025-03-26T00:00:00Z,223.4543,224.6325,220.1392,221.1577,17525001.0
AAPL,1001,OneDay,2025-03-27T00:00:00Z,221.0079,224.6425,220.2191,223.604,17491928.0
AAPL,1001,OneDay,2025-03-31T00:00:00Z,217.8327,223.7538,215.9455,221.4173,27925973.0
AAPL,1001,OneDay,2025-04-01T00:00:00Z,219.4503,223.1148,218.5716,222.8252,18422928.0
AAPL,1001,OneDay,2025-04-02T00:00:00Z,220.9181,224.8322,220.7983,223.654,16911209.0
AAPL,1001,OneDay,2025-04-03T00:00:00Z,205.012,207.0389,200.9481,202.5956,57317570.0
AAPL,1001,OneDay,2025-04-04T00:00:00Z,195.8358,199.5302,187.049,188.1174,60512035.0
AAPL,1001,OneDay,2025-04-07T00:00:00Z,177.024,193.7988,174.6576,181.5572,87941223.0
AAPL,1001,OneDay,2025-04-08T00:00:00Z,185.4114,189.9746,168.9561,173.1199,69377660.0
AAPL,1001,OneDay,2025-04-10T00:00:00Z,189.655,194.3979,182.7554,190.3041,60955761.0
AAPL,1001,OneDay,2025-04-11T00:00:00Z,187.0989,199.1707,186.5098,197.6231,46917910.0
AAPL,1001,OneDay,2025-04-14T00:00:00Z,211.0529,212.5207,200.8682,202.0464,59746891.0
AAPL,1001,OneDay,2025-04-15T00:00:00Z,201.8168,203.1647,199.5701,201.8068,26453072.0
AAPL,1001,OneDay,2025-04-16T00:00:00Z,198.7015,200.339,192.0914,193.9386,33079973.0
AAPL,1001,OneDay,2025-04-17T00:00:00Z,196.7843,198.5217,194.2382,196.6545,24800518.0
AAPL,1001,OneDay,2025-04-21T00:00:00Z,193.2796,193.4094,189.5252,192.99,22393408.0
AAPL,1001,OneDay,2025-04-22T00:00:00Z,196.5746,201.2776,195.7159,199.3804,28020404.0
AAPL,1001,OneDay,2025-04-23T00:00:00Z,205.7409,207.628,202.4858,204.2032,22972744.0
AAPL,1001,OneDay,2025-04-24T00:00:00Z,204.6425,208.4668,202.6955,208.0175,20302115.0
AAPL,1001,OneDay,2025-04-25T00:00:00Z,206.8592,209.0859,206.2401,208.996,19668298.0
AAPL,1001,OneDay,2025-04-28T00:00:00Z,209.4753,211.1527,207.1488,209.7548,18631265.0
AAPL,1001,OneDay,2025-04-29T00:00:00Z,208.3769,211.7419,208.0574,210.8931,16047126.0
AAPL,1001,OneDay,2025-04-30T00:00:00Z,208.7863,213.1897,206.3599,211.9615,20787172.0
AAPL,1001,OneDay,2025-05-01T00:00:00Z,209.645,214.0584,208.986,212.3809,26164869.0
AAPL,1001,OneDay,2025-05-02T00:00:00Z,205.4313,206.6695,201.8667,205.1717,53037329.0
AAPL,1001,OneDay,2025-05-05T00:00:00Z,203.025,203.5741,197.9126,198.4518,34438233.0
AAPL,1001,OneDay,2025-05-06T00:00:00Z,197.673,200.2791,197.0639,198.1722,23898685.0
AAPL,1001,OneDay,2025-05-07T00:00:00Z,198.8512,199.1208,192.9701,196.1553,33609714.0
AAPL,1001,OneDay,2025-05-08T00:00:00Z,197.5332,199.7099,194.3779,197.1138,25093013.0
AAPL,1001,OneDay,2025-05-09T00:00:00Z,198.362,200.2092,197.2636,198.2122,19280597.0
AAPL,1001,OneDay,2025-05-12T00:00:00Z,209.5052,210.8133,206.4798,210.4738,32268435.0
AAPL,1001,OneDay,2025-05-13T00:00:00Z,210.294,213.0599,208.8862,212.7503,25023052.0
AAPL,1001,OneDay,2025-05-14T00:00:00Z,212.0514,213.5991,210.2741,211.9615,24429825.0
AAPL,1001,OneDay,2025-05-15T00:00:00Z,210.9431,212.6405,209.2356,210.7134,21947224.0
AAPL,1001,OneDay,2025-05-16T00:00:00Z,211.9515,212.0214,209.4553,210.9431,18015721.0
AAPL,1001,OneDay,2025-05-19T00:00:00Z,207.8277,209.1458,203.9536,208.5966,22381567.0
AAPL,1001,OneDay,2025-05-20T00:00:00Z,207.7678,208.1473,204.7124,206.5397,20171618.0
AAPL,1001,OneDay,2025-05-21T00:00:00Z,204.7224,206.7194,200.4289,201.7868,31552211.0
AAPL,1001,OneDay,2025-05-22T00:00:00Z,200.6685,202.336,199.4803,200.988,23906497.0
AAPL,1001,OneDay,2025-05-23T00:00:00Z,193.6091,197.3535,193.6091,194.9471,41416387.0
AAPL,1001,OneDay,2025-05-27T00:00:00Z,198.2322,200.4289,197.1338,199.8098,29012460.0
AAPL,1001,OneDay,2025-05-28T00:00:00Z,200.7983,202.3959,199.6201,200.1393,21365884.0
AAPL,1001,OneDay,2025-05-29T00:00:00Z,202.9251,202.995,198.2322,199.6101,24940907.0
AAPL,1001,OneDay,2025-05-30T00:00:00Z,199.2107,201.637,196.4948,200.5387,23976708.0
AAPL,1001,OneDay,2025-06-02T00:00:00Z,201.1677,201.8068,199.8098,201.3874,18710506.0
AAPL,1001,OneDay,2025-06-03T00:00:00Z,202.0664,203.4443,200.6585,203.005,21746620.0
AAPL,1001,OneDay,2025-06-04T00:00:00Z,202.995,205.8807,202.306,202.7753,24070384.0
AAPL,1001,OneDay,2025-06-05T00:00:00Z,202.8652,204.4328,199.8397,200.0594,24949535.0
AAPL,1001,OneDay,2025-06-06T00:00:00Z,203.015,205.3415,201.7469,203.6141,24442737.0
AAPL,1001,OneDay,2025-06-09T00:00:00Z,203.9935,205.681,199.7199,201.3874,43001069.0
AAPL,1001,OneDay,2025-06-10T00:00:00Z,201.1378,204.0035,201.008,202.3759,29043732.0
AAPL,1001,OneDay,2025-06-11T00:00:00Z,202.8153,204.1533,198.1223,198.5217,33327746.0
AAPL,1001,OneDay,2025-06-12T00:00:00Z,198.9111,199.3505,197.0839,198.8013,23178336.0
AAPL,1001,OneDay,2025-06-13T00:00:00Z,199.1707,199.9296,195.4863,196.0355,29067288.0
AAPL,1001,OneDay,2025-06-16T00:00:00Z,196.8243,198.352,196.2851,198.0624,23222755.0
AAPL,1001,OneDay,2025-06-17T00:00:00Z,197.5332,198.0824,194.9271,195.2067,20293746.0
AAPL,1001,OneDay,2025-06-18T00:00:00Z,194.9271,197.2636,194.7873,196.3849,22866134.0
AAPL,1001,OneDay,2025-06-20T00:00:00Z,197.6031,201.3375,196.5547,200.4688,35601888.0
AAPL,1001,OneDay,2025-06-23T00:00:00Z,201.2077,201.9765,198.6615,201.1677,25859868.0
AAPL,1001,OneDay,2025-06-24T00:00:00Z,202.2961,203.1248,199.8997,200.0195,29624145.0
AAPL,1001,OneDay,2025-06-25T00:00:00Z,200.968,203.3145,200.319,201.2277,21210937.0
AAPL,1001,OneDay,2025-06-26T00:00:00Z,202.2262,202.2262,199.1508,200.8682,28038803.0
AAPL,1001,OneDay,2025-06-30T00:00:00Z,201.6071,207.0589,198.971,205.4014,45764416.0
AAPL,1001,OneDay,2025-07-01T00:00:00Z,206.5097,209.8547,205.8307,207.5082,46659850.0
AAPL,1001,OneDay,2025-07-02T00:00:00Z,208.976,212.99,207.8677,212.0814,41016835.0
AAPL,1001,OneDay,2025-07-07T00:00:00Z,212.5107,215.8457,208.4868,209.5352,27988913.0
AAPL,1001,OneDay,2025-07-08T00:00:00Z,209.5651,211.0928,208.1672,209.7748,22484693.0
AAPL,1001,OneDay,2025-07-09T00:00:00Z,209.3055,210.953,206.9091,210.7533,27232878.0
AAPL,1001,OneDay,2025-07-10T00:00:00Z,210.0544,213.1298,209.8647,211.8817,24802469.0
AAPL,1001,OneDay,2025-07-11T00:00:00Z,210.0644,211.8018,209.5452,210.7633,17998517.0
AAPL,1001,OneDay,2025-07-14T00:00:00Z,210.2341,210.5237,207.2286,208.3669,20783003.0
AAPL,1001,OneDay,2025-07-15T00:00:00Z,209.1058,211.5521,208.6565,208.7364,21696245.0
AAPL,1001,OneDay,2025-07-16T00:00:00Z,210.304,212.0614,208.327,209.8647,22693177.0
AAPL,1001,OneDay,2025-07-17T00:00:00Z,210.2241,211.4723,209.2756,209.665,23849376.0
AAPL,1001,OneDay,2025-07-18T00:00:00Z,210.4039,211.4523,209.3854,210.7134,20543477.0
AAPL,1001,OneDay,2025-07-21T00:00:00Z,211.652,215.4363,211.3824,212.1512,28472217.0
AAPL,1001,OneDay,2025-07-22T00:00:00Z,212.7304,214.308,211.9116,214.1183,24470949.0
AAPL,1001,OneDay,2025-07-23T00:00:00Z,214.6076,214.6874,212.0913,213.7688,24255043.0
AAPL,1001,OneDay,2025-07-24T00:00:00Z,213.659,215.3065,213.2097,213.4393,23206009.0
AAPL,1001,OneDay,2025-07-25T00:00:00Z,214.2181,214.8772,213.0799,213.659,18958620.0
AAPL,1001,OneDay,2025-07-28T00:00:00Z,213.619,214.5077,212.7404,213.6889,18855629.0
AAPL,1001,OneDay,2025-07-29T00:00:00Z,213.9086,214.4778,210.6934,210.983,36710926.0
AAPL,1001,OneDay,2025-07-30T00:00:00Z,211.003,212.0314,207.0389,207.7878,35635634.0
AAPL,1001,OneDay,2025-07-31T00:00:00Z,207.7279,214.2281,206.8592,210.0145,55262852.0
AAPL,1001,OneDay,2025-08-01T00:00:00Z,210.0145,214.7074,201.1977,202.0065,60280121.0
AAPL,1001,OneDay,2025-08-04T00:00:00Z,202.6755,207.5581,201.3874,203.1348,53093965.0
AAPL,1001,OneDay,2025-08-05T00:00:00Z,203.1248,205.022,201.8467,202.4458,34042323.0
AAPL,1001,OneDay,2025-08-06T00:00:00Z,202.4458,215.0469,202.2062,211.2326,73893554.0
AAPL,1001,OneDay,2025-08-07T00:00:00Z,211.0829,220.5586,211.0829,219.7598,65048521.0
AAPL,1001,OneDay,2025-08-08T00:00:00Z,219.7598,230.6235,218.9311,228.976,71086773.0
AAPL,1001,OneDay,2025-08-11T00:00:00Z,229.7548,230.0743,224.4228,226.2301,41356433.0
AAPL,1001,OneDay,2025-08-12T00:00:00Z,226.2301,230.4038,225.4113,229.2356,40047092.0
AAPL,1001,OneDay,2025-08-13T00:00:00Z,229.2356,234.5276,227.8876,232.98,50262983.0
AAPL,1001,OneDay,2025-08-14T00:00:00Z,232.9999,234.6475,230.5236,232.4008,38563857.0
AAPL,1001,OneDay,2025-08-15T00:00:00Z,232.4508,233.7887,229.0259,231.2925,25934021.0
AAPL,1001,OneDay,2025-08-18T00:00:00Z,231.612,232.7603,229.7648,230.4538,27164911.0
AAPL,1001,OneDay,2025-08-19T00:00:00Z,230.4338,232.4807,229.0059,230.1542,28501990.0
AAPL,1001,OneDay,2025-08-20T00:00:00Z,230.1542,230.6135,225.0619,225.5411,32475335.0
AAPL,1001,OneDay,2025-08-21T00:00:00Z,225.5411,226.0803,223.4543,224.6325,22396606.0
AAPL,1001,OneDay,2025-08-22T00:00:00Z,224.6325,228.7263,223.5142,227.4283,22285719.0
AAPL,1001,OneDay,2025-08-25T00:00:00Z,227.5881,228.946,225.8706,226.8292,22253325.0
AAPL,1001,OneDay,2025-08-26T00:00:00Z,226.8292,229.2855,224.3529,229.1557,43786058.0
AAPL,1001,OneDay,2025-08-27T00:00:00Z,229.1557,230.973,228.0574,230.7833,22666515.0
AAPL,1001,OneDay,2025-08-28T00:00:00Z,230.963,233.0399,228.986,231.9914,29922322.0
AAPL,1001,OneDay,2025-08-29T00:00:00Z,231.9914,232.95,230.8931,231.8017,20509674.0
AAPL,1001,OneDay,2025-09-02T00:00:00Z,231.592,238.931,226.8192,237.6729,32818316.0
AAPL,1001,OneDay,2025-09-03T00:00:00Z,237.6729,239.0009,233.9984,237.7728,50872942.0
AAPL,1001,OneDay,2025-09-04T00:00:00Z,237.7728,239.5301,236.3948,239.1607,34829123.0
AAPL,1001,OneDay,2025-09-05T00:00:00Z,239.1607,240.938,238.1422,239.2206,33218052.0
AAPL,1001,OneDay,2025-09-08T00:00:00Z,240.4388,240.968,235.9854,237.643,37910283.0
AAPL,1001,OneDay,2025-09-09T00:00:00Z,237.643,238.3818,232.7104,232.8302,49367550.0
AAPL,1001,OneDay,2025-09-10T00:00:00Z,232.8302,234.268,225.611,226.5097,62517956.0
AAPL,1001,OneDay,2025-09-11T00:00:00Z,226.5396,230.0843,226.1602,229.1757,37612545.0
AAPL,1001,OneDay,2025-09-12T00:00:00Z,229.1757,234.1282,227.1587,233.7288,32008936.0
AAPL,1001,OneDay,2025-09-15T00:00:00Z,233.649,237.8127,233.649,235.8656,32249135.0
AAPL,1001,OneDay,2025-09-16T00:00:00Z,235.8656,240.8382,235.6859,237.4932,46557155.0
AAPL,1001,OneDay,2025-09-17T00:00:00Z,237.4932,239.6599,236.954,238.7912,36395179.0
AAPL,1001,OneDay,2025-09-18T00:00:00Z,238.7912,240.6884,236.285,237.643,34254249.0
AAPL,1001,OneDay,2025-09-19T00:00:00Z,237.643,245.8706,237.4433,245.0319,62171017.0
AAPL,1001,OneDay,2025-09-22T00:00:00Z,246.6894,256.2251,243.9834,255.9755,76722719.0
AAPL,1001,OneDay,2025-09-23T00:00:00Z,255.9755,256.9839,253.2395,253.8586,44969789.0
AAPL,1001,OneDay,2025-09-24T00:00:00Z,253.8586,255.0368,250.6634,251.9215,32412498.0
AAPL,1001,OneDay,2025-09-25T00:00:00Z,251.9415,256.7641,250.8331,255.7756,41710637.0
AAPL,1001,OneDay,2025-09-26T00:00:00Z,255.8356,256.7543,253.2096,254.9669,23884100.0
AAPL,1001,OneDay,2025-09-29T00:00:00Z,255.5261,255.9355,252.6304,253.6988,28313655.0
AAPL,1001,OneDay,2025-09-30T00:00:00Z,253.619,255.5261,252.7203,253.6988,29101021.0
AAPL,1001,OneDay,2025-10-01T00:00:00Z,253.7088,258.3718,250.7233,254.8771,37087805.0
AAPL,1001,OneDay,2025-10-02T00:00:00Z,254.8771,257.7726,253.7887,257.0138,31800996.0
AAPL,1001,OneDay,2025-10-03T00:00:00Z,256.984,258.8311,252.7702,257.573,26596684.0
AAPL,1001,OneDay,2025-10-06T00:00:00Z,258.2021,259.0407,254.6674,256.1651,30727736.0
AAPL,1001,OneDay,2025-10-07T00:00:00Z,256.1651,256.974,255.0568,255.9155,24346400.0
AAPL,1001,OneDay,2025-10-08T00:00:00Z,255.9155,258.1022,255.0668,257.6429,27055030.0
AAPL,1001,OneDay,2025-10-09T00:00:00Z,257.613,257.9924,252.7503,253.5191,27653770.0
AAPL,1001,OneDay,2025-10-10T00:00:00Z,253.5391,255.9555,244.3029,244.912,32203293.0
AAPL,1001,OneDay,2025-10-13T00:00:00Z,247.8776,250.264,245.1916,246.8791,26877570.0
AAPL,1001,OneDay,2025-10-14T00:00:00Z,246.8791,248.4567,244.3828,247.1187,28535668.0
AAPL,1001,OneDay,2025-10-15T00:00:00Z,247.1287,251.4223,246.7593,248.8561,25848303.0
AAPL,1001,OneDay,2025-10-16T00:00:00Z,248.8561,250.1941,244.7523,246.8391,28824659.0
AAPL,1001,OneDay,2025-10-17T00:00:00Z,246.7293,252.9899,243.634,251.8915,25351434.0
AAPL,1001,OneDay,2025-10-20T00:00:00Z,252.1512,263.9435,250.7533,262.0362,63544855.0
AAPL,1001,OneDay,2025-10-21T00:00:00Z,262.0362,264.8321,260.2291,262.4658,34235769.0
AAPL,1001,OneDay,2025-10-22T00:00:00Z,262.4558,263.0049,255.0867,258.1322,32118754.0
AAPL,1001,OneDay,2025-10-23T00:00:00Z,258.1322,260.1992,257.1636,258.911,26706096.0
AAPL,1001,OneDay,2025-10-24T00:00:00Z,258.911,263.7139,258.7214,262.4757,21910125.0
AAPL,1001,OneDay,2025-10-27T00:00:00Z,264.6424,268.5965,263.8037,268.2969,33418259.0
AAPL,1001,OneDay,2025-10-28T00:00:00Z,268.2969,269.4153,267.4183,268.2371,31284402.0
AAPL,1001,OneDay,2025-10-29T00:00:00Z,268.2371,270.963,266.7094,269.4652,36781134.0
AAPL,1001,OneDay,2025-10-30T00:00:00Z,269.4652,283.7836,261.7866,281.7666,48358541.0
AAPL,1001,OneDay,2025-11-03T00:00:00Z,270.6134,270.983,265.8506,268.0372,38903762.0
AAPL,1001,OneDay,2025-11-04T00:00:00Z,268.0272,271.0428,265.0019,270.0742,38903762.0
AAPL,1001,OneDay,2025-11-05T00:00:00Z,270.0742,271.1227,266.5095,269.9146,38903762.0
AAPL,1001,OneDay,2025-11-06T00:00:00Z,269.9046,272.96,267.4882,269.7646,4308501.0
AAPL,1001,OneDay,2025-11-07T00:00:00Z,269.7646,271.8116,266.4198,268.0473,4308501.0
AAPL,1001,OneDay,2025-11-10T00:00:00Z,268.5965,273.2593,267.2783,268.7962,32428633.0
AAPL,1001,OneDay,2025-11-11T00:00:00Z,268.7962,275.4063,268.1172,274.867,3157244.0
AAPL,1001,OneDay,2025-11-12T00:00:00Z,274.867,276.7143,271.4822,273.0597,2837391.0
AAPL,1001,OneDay,2025-11-13T00:00:00Z,273.0597,276.2449,271.6719,272.6004,1748545.0
AAPL,1001,OneDay,2025-11-14T00:00:00Z,272.6004,275.5259,269.1857,271.9515,1748545.0
AAPL,1001,OneDay,2025-11-17T00:00:00Z,271.6519,272.4407,265.3314,267.0987,35989527.0
AAPL,1001,OneDay,2025-11-18T00:00:00Z,267.0987,270.2939,264.942,266.4797,35989527.0
AAPL,1001,OneDay,2025-11-19T00:00:00Z,266.4797,271.7516,264.1832,268.0972,35989527.0
AAPL,1001,OneDay,2025-11-20T00:00:00Z,268.1072,274.9967,264.8321,264.8521,2381606.0
AAPL,1001,OneDay,2025-11-24T00:00:00Z,270.6933,276.5445,269.9246,275.536,51224247.0
AAPL,1001,OneDay,2025-11-25T00:00:00Z,275.556,279.8495,273.3293,276.2849,51224247.0
AAPL,1001,OneDay,2025-11-26T00:00:00Z,276.2849,279.1007,276.0852,277.3333,51224247.0
AAPL,1001,OneDay,2025-11-27T00:00:00Z,277.3333,277.563,277.3333,277.4333,125383.0
AAPL,1001,OneDay,2025-11-28T00:00:00Z,277.4831,278.5715,275.566,278.4118,10013534.0
AAPL,1001,OneDay,2025-12-01T00:00:00Z,277.2734,282.9748,275.6558,282.7351,35006654.0
AAPL,1001,OneDay,2025-12-02T00:00:00Z,282.7351,286.949,281.557,285.5909,5357358.0
AAPL,1001,OneDay,2025-12-03T00:00:00Z,285.5909,288.1671,283.1946,283.8735,5357358.0
AAPL,1001,OneDay,2025-12-04T00:00:00Z,283.8336,284.2229,278.1722,279.8795,1066651.0
AAPL,1001,OneDay,2025-12-05T00:00:00Z,279.8296,280.9279,277.6329,278.4118,1066651.0
AAPL,1001,OneDay,2025-12-08T00:00:00Z,278.1421,279.1906,275.7556,277.0737,28744195.0
AAPL,1001,OneDay,2025-12-09T00:00:00Z,277.0737,279.5899,276.0353,276.5845,28744195.0
AAPL,1001,OneDay,2025-12-10T00:00:00Z,276.4647,279.3203,275.586,278.3618,28744195.0
AAPL,1001,OneDay,2025-12-11T00:00:00Z,278.3618,279.6599,273.3993,278.2718,28744195.0
AAPL,1001,OneDay,2025-12-15T00:00:00Z,277.4132,279.56,272.4508,274.2879,39795037.0
AAPL,1001,OneDay,2025-12-16T00:00:00Z,274.2379,274.977,271.3923,273.1497,39795037.0
AAPL,1001,OneDay,2025-12-17T00:00:00Z,273.1497,275.6859,270.7731,271.9315,9918737.0
AAPL,1001,OneDay,2025-12-18T00:00:00Z,272.0112,273.2894,266.5795,271.1926,1400649.0
AAPL,1001,OneDay,2025-12-19T00:00:00Z,271.1426,273.4093,269.495,273.3993,1400649.0
AAPL,1001,OneDay,2025-12-22T00:00:00Z,273.2694,273.7287,270.0942,270.2638,27862275.0
AAPL,1001,OneDay,2025-12-23T00:00:00Z,270.2638,272.0212,269.1557,271.7219,27862275.0
AAPL,1001,OneDay,2025-12-24T00:00:00Z,271.6919,275.0067,270.893,273.4293,27862275.0
AAPL,1001,OneDay,2025-12-26T00:00:00Z,273.3893,274.9171,272.5304,272.7104,16062791.0
AAPL,1001,OneDay,2025-12-29T00:00:00Z,272.6004,273.9385,271.2623,273.1697,19195075.0
AAPL,1001,OneDay,2025-12-30T00:00:00Z,273.1896,273.589,271.8715,272.4905,19195075.0
AAPL,1001,OneDay,2025-12-31T00:00:00Z,272.4905,273.2394,271.3523,271.6119,19195075.0
AAPL,1001,OneDay,2026-01-02T00:00:00Z,272.1511,277.3733,268.6964,270.5835,29013291.0
AAPL,1001,OneDay,2026-01-05T00:00:00Z,270.204,270.883,265.7506,266.8491,36621302.0
AAPL,1001,OneDay,2026-01-06T00:00:00Z,266.8591,267.4582,261.7666,262.0962,4591086.0
AAPL,1001,OneDay,2026-01-07T00:00:00Z,262.0962,263.1747,259.4303,260.1591,4591086.0
AAPL,1001,OneDay,2026-01-08T00:00:00Z,260.1591,260.3089,255.3164,259.2106,2411779.0
AAPL,1001,OneDay,2026-01-09T00:00:00Z,259.2306,260.2491,255.8356,258.961,2411779.0
AAPL,1001,OneDay,2026-01-12T00:00:00Z,257.2435,260.898,256.4248,259.3304,37142242.0
AAPL,1001,OneDay,2026-01-13T00:00:00Z,259.2206,261.3773,257.7329,260.5685,37142242.0
AAPL,1001,OneDay,2026-01-14T00:00:00Z,260.5685,261.3473,256.4847,259.2306,37142242.0
AAPL,1001,OneDay,2026-01-15T00:00:00Z,259.2206,260.6085,256.6644,257.6229,2588185.0
AAPL,1001,OneDay,2026-01-16T00:00:00Z,257.8026,258.4618,254.6274,255.1067,2588185.0
AAPL,1001,OneDay,2026-01-20T00:00:00Z,252.4707,254.3678,243.0548,246.5196,60724792.0
AAPL,1001,OneDay,2026-01-21T00:00:00Z,246.5196,251.1227,244.3229,247.4482,60724792.0
AAPL,1001,OneDay,2026-01-22T00:00:00Z,247.4482,250.6035,247.3484,247.7478,60724792.0
AAPL,1001,OneDay,2026-01-23T00:00:00Z,247.7777,249.4253,244.3129,247.6379,60724792.0
AAPL,1001,OneDay,2026-01-26T00:00:00Z,247.3683,256.1352,247.2286,255.1267,44651845.0
AAPL,1001,OneDay,2026-01-27T00:00:00Z,255.1267,261.537,255.1267,257.1237,44651845.0
AAPL,1001,OneDay,2026-01-28T00:00:00Z,257.1636,258.9509,254.1382,257.004,44651845.0
AAPL,1001,OneDay,2026-01-29T00:00:00Z,256.974,267.8775,254.0184,260.4588,14749313.0
AAPL,1001,OneDay,2026-01-30T00:00:00Z,260.4588,265.6509,251.8616,259.2803,14749313.0
AAPL,1001,OneDay,2026-02-02T00:00:00Z,258.6015,270.0742,254.5575,268.3468,56905138.0
AAPL,1001,OneDay,2026-02-03T00:00:00Z,268.3468,271.4523,266.8491,268.9161,56905138.0
AAPL,1001,OneDay,2026-02-04T00:00:00Z,268.9161,278.4915,268.0972,274.4875,14765497.0
AAPL,1001,OneDay,2026-02-05T00:00:00Z,274.4975,277.8326,272.8401,276.0152,14765497.0
AAPL,1001,OneDay,2026-02-09T00:00:00Z,276.884,277.9625,271.3024,273.8885,34494297.0
AAPL,1001,OneDay,2026-02-10T00:00:00Z,273.8885,274.947,272.5505,273.7386,34494297.0
AAPL,1001,OneDay,2026-02-11T00:00:00Z,273.7386,279.7296,272.4905,275.536,11337310.0
AAPL,1001,OneDay,2026-02-12T00:00:00Z,275.486,276.2549,259.7896,261.607,19944757.0
AAPL,1001,OneDay,2026-02-13T00:00:00Z,261.607,263.6339,255.0668,255.2166,19944757.0
AAPL,1001,OneDay,2026-02-17T00:00:00Z,255.2665,265.8206,253.3094,264.4128,46602987.0
AAPL,1001,OneDay,2026-02-18T00:00:00Z,264.4028,266.3898,262.0563,263.2544,46602987.0
AAPL,1001,OneDay,2026-02-19T00:00:00Z,263.2544,264.0633,258.9311,259.9595,46602987.0
AAPL,1001,OneDay,2026-02-20T00:00:00Z,259.8995,264.3428,257.7726,264.1032,46602987.0
AAPL,1001,OneDay,2026-02-23T00:00:00Z,262.7,269.4099,262.19,266.7,28570800.0
AAPL,1001,OneDay,2026-02-24T00:00:00Z,266.6101,274.8401,266.21,271.47,7115312.0
AAPL,1001,OneDay,2026-02-25T00:00:00Z,271.47,274.9199,270.5,274.0,7115312.0
AAPL,1001,OneDay,2026-02-26T00:00:00Z,274.0,276.0601,270.78,273.1799,7115312.0
AAPL,1001,OneDay,2026-02-27T00:00:00Z,272.75,273.25,263.0601,264.21,1277654.0
AAPL,1001,OneDay,2026-03-02T00:00:00Z,262.5,266.5,259.19,264.8999,33852907.0
AAPL,1001,OneDay,2026-03-03T00:00:00Z,264.8999,265.52,260.1201,263.6001,33852907.0
AAPL,1001,OneDay,2026-03-04T00:00:00Z,263.6001,266.03,261.4099,262.7,33852907.0
AAPL,1001,OneDay,2026-03-05T00:00:00Z,262.7,263.45,257.24,259.3501,8579892.0
AAPL,1001,OneDay,2026-03-06T00:00:00Z,259.3501,260.99,254.39,257.49,8579892.0
AAPL,1001,OneDay,2026-03-09T00:00:00Z,253.91,261.1101,252.34,259.3501,28600327.0
AAPL,1001,OneDay,2026-03-10T00:00:00Z,259.3501,262.48,256.9299,260.8999,21791029.0
AAPL,1001,OneDay,2026-03-11T00:00:00Z,260.8999,262.1101,259.54,260.1101,22906150.0
AAPL,1001,OneDay,2026-03-12T00:00:00Z,260.1101,260.75,254.18,256.1101,31321582.0
AAPL,1001,OneDay,2026-03-13T00:00:00Z,256.1301,256.75,249.87,249.91,19486193.0
AAPL,1001,OneDay,2026-03-16T00:00:00Z,250.85,253.88,250.05,252.65,23941752.0
AAPL,1001,OneDay,2026-03-17T00:00:00Z,252.65,255.12,251.17,253.93,23029890.0
AAPL,1001,OneDay,2026-03-18T00:00:00Z,253.93,255.65,249.0,249.4,28574659.0
AAPL,1001,OneDay,2026-03-19T00:00:00Z,249.4,251.8,247.66,249.14,26739553.0
AAPL,1001,OneDay,2026-03-20T00:00:00Z,249.14,249.9,246.08,247.86,26839224.0
AAPL,1001,OneDay,2026-03-23T00:00:00Z,246.75,254.66,245.16,251.46,29909237.0
AAPL,1001,OneDay,2026-03-24T00:00:00Z,251.46,255.15,249.55,253.3,34868073.0
AAPL,1001,OneDay,2026-03-25T00:00:00Z,253.3,254.93,251.61,252.77,23547846.0
AAPL,1001,OneDay,2026-03-26T00:00:00Z,252.77,256.96,251.01,253.7,31442122.0
AAPL,1001,OneDay,2026-03-27T00:00:00Z,253.61,255.46,248.09,248.78,23188057.0
AAPL,1001,OneDay,2026-03-30T00:00:00Z,247.22,250.15,245.51,246.13,29731414.0
AAPL,1001,OneDay,2026-03-31T00:00:00Z,246.08,255.41,245.08,253.23,40140672.0
AAPL,1001,OneDay,2026-04-01T00:00:00Z,253.25,256.1301,253.03,255.25,28941803.0
AAPL,1001,OneDay,2026-04-02T00:00:00Z,255.18,256.1101,250.65,255.37,25252844.0
AAPL,1001,OneDay,2026-04-03T00:00:00Z,255.4,255.43,255.13,255.4,127920.0
AAPL,1001,OneDay,2026-04-06T00:00:00Z,254.9,262.1499,254.79,258.6001,23731847.0
AAPL,1001,OneDay,2026-04-07T00:00:00Z,258.6001,258.7,245.71,252.92,47835746.0
AAPL,1001,OneDay,2026-04-08T00:00:00Z,252.92,260.11,252.92,258.71,30808921.0
AAPL,1001,OneDay,2026-04-09T00:00:00Z,258.71,261.0,256.0701,259.97,23499692.0
AAPL,1001,OneDay,2026-04-10T00:00:00Z,259.97,262.1401,258.3999,260.45,14341631.0
AAPL,1001,OneDay,2026-04-13T00:00:00Z,258.1,260.04,256.6899,259.27,27880754.0
AAPL,1001,OneDay,2026-04-14T00:00:00Z,259.1699,261.8999,257.1899,258.6101,39389131.0
AAPL,1001,OneDay,2026-04-15T00:00:00Z,258.6201,266.54,257.8301,266.45,37035527.0
AAPL,1001,OneDay,2026-04-16T00:00:00Z,266.46,268.73,261.26,263.6499,33631900.0
AAPL,1001,OneDay,2026-04-17T00:00:00Z,263.6499,272.29,263.5,270.23,28885959.0
AAPL,1001,OneDay,2026-04-20T00:00:00Z,269.61,274.25,267.6699,270.75,27638882.0
AAPL,1001,OneDay,2026-04-21T00:00:00Z,270.75,272.7,265.41,267.18,37744657.0
AAPL,1001,OneDay,2026-04-22T00:00:00Z,267.18,273.72,266.85,272.35,31829617.0
AAPL,1001,OneDay,2026-04-23T00:00:00Z,272.35,275.72,271.02,271.8,24614084.0
AAPL,1001,OneDay,2026-04-24T00:00:00Z,271.8,273.4,269.65,270.99,17441107.0
AAPL,1001,OneDay,2026-04-27T00:00:00Z,270.5,271.16,265.1,267.45,31863741.0
AAPL,1001,OneDay,2026-04-28T00:00:00Z,267.45,273.17,266.81,269.9,30687788.0
AAPL,1001,OneDay,2026-04-29T00:00:00Z,269.9,271.03,267.05,269.75,23072511.0
AAPL,1001,OneDay,2026-04-30T00:00:00Z,269.75,275.88,267.77,270.15,69576541.0
AAPL,1001,OneDay,2026-05-01T00:00:00Z,270.13,287.19,268.11,280.2,51379883.0
AAPL,1001,OneDay,2026-05-04T00:00:00Z,279.52,280.13,274.87,276.42,36509116.0
AAPL,1001,OneDay,2026-05-05T00:00:00Z,276.42,284.51,275.2,283.19,37603298.0
AAPL,1001,OneDay,2026-05-06T00:00:00Z,283.11,287.88,280.8,287.42,45106368.0
AAPL,1001,OneDay,2026-05-07T00:00:00Z,287.42,292.09,285.79,286.88,33156948.0
AAPL,1001,OneDay,2026-05-08T00:00:00Z,286.85,294.74,286.71,293.3,27560500.0
AAPL,1001,OneDay,2026-05-11T00:00:00Z,292.38,294.16,290.22,292.58,30614257.0
AAPL,1001,OneDay,2026-05-12T00:00:00Z,292.58,295.2,291.16,294.37,37918463.0
AAPL,1001,OneDay,2026-05-13T00:00:00Z,294.36,300.9,293.05,298.73,39921685.0
AAPL,1001,OneDay,2026-05-14T00:00:00Z,298.73,301.0,295.45,297.86,27955165.0
AAPL,1001,OneDay,2026-05-15T00:00:00Z,298.02,303.18,293.88,300.35,24634043.0
AAPL,1001,OneDay,2026-05-18T00:00:00Z,299.43,301.07,294.9,297.45,24374545.0
AAPL,1001,OneDay,2026-05-19T00:00:00Z,297.45,300.46,294.86,298.55,33176456.0
AAPL,1001,OneDay,2026-05-20T00:00:00Z,298.55,302.79,297.0,301.55,29317445.0
AAPL,1001,OneDay,2026-05-21T00:00:00Z,301.55,305.53,300.01,304.43,34706927.0
AAPL,1001,OneDay,2026-05-22T00:00:00Z,304.42,311.37,304.39,309.32,19676172.0
AAPL,1001,OneDay,2026-05-26T00:00:00Z,310.5,311.8,307.67,308.5,34636358.0
AAPL,1001,OneDay,2026-05-27T00:00:00Z,308.5,313.23,307.21,310.58,31826134.0
AAPL,1001,OneDay,2026-05-28T00:00:00Z,310.72,312.65,309.01,312.2,37104807.0
AAPL,1001,OneDay,2026-05-29T00:00:00Z,312.2,314.99,309.52,311.93,21110305.0
AAPL,1001,OneDay,2026-06-01T00:00:00Z,310.05,311.56,305.07,306.47,35807769.0
AAPL,1001,OneDay,2026-06-02T00:00:00Z,306.62,315.43,304.86,314.86,34760070.0
AAPL,1001,OneDay,2026-06-03T00:00:00Z,314.86,316.88,308.85,311.29,36159942.0
AAPL,1001,OneDay,2026-06-04T00:00:00Z,311.29,314.7,309.66,311.11,36125964.0
AAPL,1001,OneDay,2026-06-05T00:00:00Z,311.11,315.13,307.16,307.92,28952269.0
AAPL,1001,OneDay,2026-06-08T00:00:00Z,307.97,317.3,300.37,300.53,55898451.0
AAPL,1001,OneDay,2026-06-09T00:00:00Z,300.53,302.14,287.85,291.01,51101513.0
AAPL,1001,OneDay,2026-06-10T00:00:00Z,291.04,294.73,287.38,291.81,36909009.0
AAPL,1001,OneDay,2026-06-11T00:00:00Z,291.81,296.96,289.6,295.65,32247136.0
AAPL,1001,OneDay,2026-06-12T00:00:00Z,295.65,297.0,289.62,291.22,19930104.0
AAPL,1001,OneDay,2026-06-15T00:00:00Z,292.0,297.76,291.0,296.03,34769261.0
AAPL,1001,OneDay,2026-06-16T00:00:00Z,296.03,300.44,294.0,298.75,29466702.0
AAPL,1001,OneDay,2026-06-17T00:00:00Z,298.75,301.81,294.37,295.73,32176771.0
AAPL,1001,OneDay,2026-06-18T00:00:00Z,295.76,300.56,295.63,297.59,62010197.0
AAPL,1001,OneDay,2026-06-19T00:00:00Z,297.66,298.21,297.0,297.1,340248.0
AAPL,1001,OneDay,2026-06-22T00:00:00Z,295.66,302.41,294.04,296.5,34127327.0
AAPL,1001,OneDay,2026-06-23T00:00:00Z,296.5,301.6,293.75,294.99,39377344.0
AAPL,1001,OneDay,2026-06-24T00:00:00Z,294.99,299.67,292.06,293.15,40537631.0
AAPL,1001,OneDay,2026-06-25T00:00:00Z,293.2,293.65,273.77,275.27,73005369.0
AAPL,1001,OneDay,2026-06-26T00:00:00Z,275.3,285.92,273.25,284.16,55931238.0
AAPL,1001,OneDay,2026-06-29T00:00:00Z,283.96,287.82,279.86,281.32,46117241.0
AAPL,1001,OneDay,2026-06-30T00:00:00Z,281.32,289.87,280.0,289.1,54690553.0
AAPL,1001,OneDay,2026-07-01T00:00:00Z,288.97,296.56,288.29,293.91,36487882.0
AAPL,1001,OneDay,2026-07-02T00:00:00Z,293.91,309.41,293.48,307.93,53487035.0
AAPL,1001,OneDay,2026-07-03T00:00:00Z,307.93,308.25,307.8,308.0,149566.0
AAPL,1001,OneDay,2026-07-06T00:00:00Z,306.25,314.18,305.08,312.61,38568188.0
AAPL,1001,OneDay,2026-07-07T00:00:00Z,312.61,315.69,310.2,311.0,30635744.0
AAPL,1001,OneDay,2026-07-08T00:00:00Z,311.0,314.8,307.06,313.09,31163114.0
AAPL,1001,OneDay,2026-07-09T00:00:00Z,313.21,316.5,308.17,315.4,31659283.0
AAPL,1001,OneDay,2026-07-10T00:00:00Z,315.4,316.89,312.23,315.2,15967221.0
AAPL,1001,OneDay,2026-07-13T00:00:00Z,313.75,323.4,313.19,317.08,31853322.0
AAPL,1001,OneDay,2026-07-14T00:00:00Z,317.08,317.79,312.02,314.77,27755073.0
AAPL,1001,OneDay,2026-07-15T00:00:00Z,314.77,328.67,314.34,327.47,44043000.0
AAPL,1001,OneDay,2026-07-16T00:00:00Z,327.49,334.6,326.33,332.63,45315949.0
AAPL,1001,OneDay,2026-07-17T00:00:00Z,332.63,339.1,329.0,333.88,35834045.0
AAPL,1001,OneDay,2026-07-20T00:00:00Z,334.66,335.31,323.67,326.85,38230569.0
AAPL,1001,OneDay,2026-07-21T00:00:00Z,326.85,329.54,321.8,325.2,30105257.0
AAPL,1001,OneDay,2026-07-22T00:00:00Z,325.28,328.94,323.35,325.75,28408264.0
AAPL,1001,OneDay,2026-07-23T00:00:00Z,325.75,326.06,319.33,320.54,29443539.0
AAPL,1001,OneDay,2026-07-24T00:00:00Z,320.5,334.33,319.67,332.85,25332341.0
AAPL,1001,OneDay,2026-07-27T00:00:00Z,336.83,339.53,332.79,336.28,35299495.0
AAPL,1001,OneDay,2026-07-28T00:00:00Z,336.28,341.22,335.6,339.78,37926373.0
AAPL,1001,OneDay,2026-07-29T00:00:00Z,339.78,344.54,337.06,338.97,42114428.0
AAPL,1001,OneDay,2026-07-30T00:00:00Z,338.97,340.57,317.64,318.08,48510699.0
AAPL,1001,OneDay,2026-07-31T00:00:00Z,318.08,320.59,300.0,309.88,75381088.0
AAPL,1001,OneDay,2026-08-03T00:00:00Z,308.31,312.71,302.55,303.5,53121635.0
AAPL,1001,OneDay,2026-08-04T00:00:00Z,303.5,311.5,301.31,311.0,52903525.0
AAPL,1001,OneDay,2026-08-05T00:00:00Z,311.0,313.16,305.05,311.45,35981133.0
AAPL,1001,OneDay,2026-08-06T00:00:00Z,311.45,316.23,309.23,311.66,35011114.0
AAPL,1001,OneDay,2026-08-07T00:00:00Z,311.66,314.78,310.57,313.5,18371280.0
AAPL,1001,OneDay,2026-08-10T00:00:00Z,312.94,313.74,304.63,307.4,33130467.0
AAPL,1001,OneDay,2026-08-11T00:00:00Z,307.4,309.46,302.83,304.95,28746342.0
AAPL,1001,OneDay,2026-08-12T00:00:00Z,304.95,305.6,300.57,301.98,28267182.0
AAPL,1001,OneDay,2026-08-13T00:00:00Z,301.98,305.99,301.31,304.76,30705171.0
AAPL,1001,OneDay,2026-08-14T00:00:00Z,304.76,307.43,304.3,305.85,14223834.0
AAPL,1001,OneDay,2026-08-17T00:00:00Z,305.3,307.56,302.93,305.27,29357764.0
AAPL,1001,OneDay,2026-08-18T00:00:00Z,305.27,311.47,304.77,309.66,39782388.0
AAPL,1001,OneDay,2026-08-19T00:00:00Z,309.66,319.24,307.55,316.36,36033295.0
AAPL,1001,OneDay,2026-08-20T00:00:00Z,316.36,320.09,314.62,314.67,14062934.0
