date,equity
2023-05-19,10004.57
2023-05-22,9975.4
2023-05-23,9968.94
2023-05-24,9911.67
2023-05-25,9919.01
2023-05-26,9950.83
2023-05-30,9965.52
2023-05-31,9923.66
2023-06-01,10033.31
2023-06-02,10033.31
2023-06-05,10033.31
2023-06-06,10033.31
2023-06-07,10033.31
2023-06-08,10033.31
2023-06-09,10033.31
2023-06-12,10033.31
2023-06-13,10033.31
2023-06-14,10033.31
2023-06-15,10033.31
2023-06-16,10033.31
2023-06-20,10033.31
2023-06-21,10033.31
2023-06-22,10033.31
2023-06-23,10028.51
2023-06-26,10036.93
2023-06-27,10037.17
2023-06-28,10023.22
2023-06-29,10232.21
2023-07-03,10232.21
2023-07-05,10232.21
2023-07-06,10232.21
2023-07-07,10232.21
2023-07-10,10232.21
2023-07-11,10232.21
2023-07-12,10232.21
2023-07-13,10232.21
2023-07-14,10232.21
2023-07-17,10232.21
2023-07-18,10232.21
2023-07-19,10232.21
2023-07-20,10232.21
2023-07-24,10232.21
2023-07-25,10232.21
2023-07-26,10232.21
2023-07-27,10232.21
2023-07-28,10232.21
2023-07-31,10232.21
2023-08-01,10232.21
2023-08-02,10232.21
2023-08-03,10232.21
2023-08-04,10232.21
2023-08-07,10232.21
2023-08-08,10232.21
2023-08-09,10232.21
2023-08-10,10232.21
2023-08-11,10232.21
2023-08-14,10232.21
2023-08-15,10232.21
2023-08-16,10232.21
2023-08-17,10257.73
2023-08-18,10267.86
2023-08-21,10307.96
2023-08-22,10314.54
2023-08-23,10361.65
2023-08-24,10337.07
2023-08-25,10357.88
2023-08-28,10406.49
2023-08-29,10396.34
2023-08-30,10300.75
2023-08-31,10300.75
2023-09-01,10300.75
2023-09-05,10300.75
2023-09-06,10300.75
2023-09-07,10300.75
2023-09-08,10262.51
2023-09-11,10196.07
2023-09-12,10196.07
2023-09-13,10196.07
2023-09-14,10194.66
2023-09-15,10184.1
2023-09-18,10238.69
2023-09-19,10224.62
2023-09-20,10198.03
2023-09-21,10102.96
2023-09-22,10102.96
2023-09-25,10102.96
2023-09-26,10102.96
2023-09-27,10102.96
2023-09-28,10102.96
2023-09-29,10102.96
2023-10-02,10102.96
2023-10-03,10102.96
2023-10-04,10110.5
2023-10-05,10000.29
2023-10-09,10000.29
2023-10-10,10000.29
2023-10-12,10000.29
2023-10-13,10000.29
2023-10-16,10000.29
2023-10-17,10000.29
2023-10-18,10000.29
2023-10-19,10000.29
2023-10-20,10000.29
2023-10-23,10000.29
2023-10-24,10000.29
2023-10-25,10000.29
2023-10-26,10000.29
2023-10-30,10000.29
2023-10-31,10000.29
2023-11-01,10000.29
2023-11-02,10000.29
2023-11-03,10000.29
2023-11-06,10000.29
2023-11-07,10000.29
2023-11-08,10000.29
2023-11-09,10000.29
2023-11-10,10000.29
2023-11-13,10000.29
2023-11-14,10000.29
2023-11-15,10000.29
2023-11-16,10000.29
2023-11-17,10000.29
2023-11-20,10000.29
2023-11-21,10000.29
2023-11-22,10000.29
2023-11-24,10000.29
2023-11-27,10000.29
2023-11-28,10000.29
2023-11-29,10000.29
2023-11-30,10000.29
2023-12-05,10000.29
2023-12-06,10000.29
2023-12-07,10000.29
2023-12-08,10000.29
2023-12-11,10000.29
2023-12-12,10000.29
2023-12-13,10000.29
2023-12-14,10000.29
2023-12-18,10000.29
2023-12-19,10000.29
2023-12-20,10000.29
2023-12-21,10000.29
2023-12-22,10000.29
2023-12-26,10000.29
2023-12-27,10000.29
2023-12-28,10000.29
2023-12-29,10000.29
2024-01-02,10000.29
2024-01-03,9981.83
2024-01-04,10180.38
2024-01-08,10243.17
2024-01-09,10251.53
2024-01-10,10318.28
2024-01-11,10400.7
2024-01-16,10400.7
2024-01-17,10400.7
2024-01-18,10400.7
2024-01-19,10400.7
2024-01-22,10400.7
2024-01-23,10400.7
2024-01-24,10400.7
2024-01-25,10400.7
2024-01-26,10400.7
2024-01-29,10400.7
2024-01-30,10400.7
2024-01-31,10400.7
2024-02-01,10400.7
2024-02-02,10400.7
2024-02-05,10400.7
2024-02-06,10400.7
2024-02-07,10400.7
2024-02-08,10400.7
2024-02-09,10400.7
2024-02-12,10400.7
2024-02-13,10400.7
2024-02-14,10400.7
2024-02-15,10400.7
2024-02-16,10400.7
2024-02-20,10400.7
2024-02-21,10400.7
2024-02-22,10400.7
2024-02-23,10400.7
2024-02-26,10400.7
2024-02-27,10400.7
2024-02-28,10400.7
2024-02-29,10400.7
2024-03-01,10400.7
2024-03-04,10400.7
2024-03-05,10400.7
2024-03-06,10400.7
2024-03-07,10400.7
2024-03-08,10400.7
2024-03-11,10400.7
2024-03-12,10400.7
2024-03-13,10400.7
2024-03-14,10400.7
2024-03-15,10400.7
2024-03-18,10400.7
2024-03-19,10400.7
2024-03-20,10400.7
2024-03-21,10400.7
2024-03-22,10400.7
2024-03-25,10400.7
2024-03-26,10400.7
2024-03-27,10401.58
2024-03-28,10402.2
2024-04-01,10392.63
2024-04-02,10397.48
2024-04-03,10380.08
2024-04-04,10377.11
2024-04-05,10377.11
2024-04-08,10377.11
2024-04-09,10377.11
2024-04-10,10377.11
2024-04-11,10377.11
2024-04-12,10377.11
2024-04-15,10377.11
2024-04-16,10377.11
2024-04-17,10360.94
2024-04-18,10340.14
2024-04-19,10352.85
2024-04-22,10390.98
2024-04-23,10330.9
2024-04-24,10391.55
2024-04-26,10391.55
2024-04-29,10391.55
2024-04-30,10391.55
2024-05-01,10391.55
2024-05-02,10391.55
2024-05-03,10391.55
2024-05-06,10391.55
2024-05-07,10391.55
2024-05-08,10391.55
2024-05-09,10391.55
2024-05-13,10391.55
2024-05-14,10391.55
2024-05-15,10391.55
2024-05-16,10391.55
2024-05-20,10391.55
2024-05-21,10391.55
2024-05-22,10391.55
2024-05-23,10391.55
2024-05-28,10397.63
2024-05-29,10391.73
2024-05-30,10285.96
2024-05-31,10285.96
2024-06-03,10285.96
2024-06-04,10285.96
2024-06-05,10285.96
2024-06-06,10285.96
2024-06-07,10285.96
2024-06-10,10285.96
2024-06-11,10285.96
2024-06-12,10285.96
2024-06-13,10285.96
2024-06-14,10285.96
2024-06-17,10291.3
2024-06-18,10328.67
2024-06-20,10358.28
2024-06-21,10318.97
2024-06-24,10364.45
2024-06-25,10336.27
2024-06-26,10336.27
2024-06-27,10336.27
2024-06-28,10336.27
2024-07-01,10336.27
2024-07-02,10336.27
2024-07-03,10336.27
2024-07-05,10336.27
2024-07-08,10336.27
2024-07-09,10336.27
2024-07-10,10336.27
2024-07-11,10336.27
2024-07-12,10336.27
2024-07-15,10336.27
2024-07-16,10336.27
2024-07-17,10336.27
2024-07-18,10336.27
2024-07-19,10336.27
2024-07-22,10336.27
2024-07-23,10336.27
2024-07-24,10336.27
2024-07-25,10336.27
2024-07-26,10336.27
2024-07-29,10336.27
2024-07-30,10336.27
2024-07-31,10336.27
2024-08-01,10336.27
2024-08-02,10336.27
2024-08-05,10336.27
2024-08-06,10336.27
2024-08-07,10336.27
2024-08-08,10336.27
2024-08-09,10336.27
2024-08-12,10336.27
2024-08-13,10336.27
2024-08-14,10336.27
2024-08-15,10336.27
2024-08-16,10336.27
2024-08-19,10336.27
2024-08-20,10336.27
2024-08-21,10336.27
2024-08-22,10336.27
2024-08-23,10336.27
2024-08-26,10336.27
2024-08-27,10336.27
2024-08-28,10336.27
2024-08-29,10336.27
2024-08-30,10336.27
2024-09-03,10336.27
2024-09-04,10336.27
2024-09-05,10336.27
2024-09-06,10336.27
2024-09-09,10336.27
2024-09-10,10336.27
2024-09-11,10336.27
2024-09-12,10336.27
2024-09-13,10336.27
2024-09-16,10336.27
2024-09-17,10336.27
2024-09-18,10336.27
2024-09-19,10336.27
2024-09-20,10336.27
2024-09-23,10336.27
2024-09-24,10336.27
2024-09-25,10336.27
2024-09-26,10336.27
2024-09-27,10336.27
2024-09-30,10336.27
2024-10-01,10329.31
2024-10-02,10303.55
2024-10-03,10297.33
2024-10-04,10294.55
2024-10-07,10231.23
2024-10-08,10231.23
2024-10-09,10231.23
2024-10-10,10231.23
2024-10-14,10209.8
2024-10-15,10202.84
2024-10-16,10185.62
2024-10-17,10192.33
2024-10-21,10208.1
2024-10-22,10253.29
2024-10-23,10253.29
2024-10-24,10253.29
2024-10-28,10253.29
2024-10-29,10253.29
2024-10-30,10253.29
2024-10-31,10253.29
2024-11-01,10253.29
2024-11-04,10253.29
2024-11-05,10253.29
2024-11-06,10253.29
2024-11-07,10253.29
2024-11-08,10253.29
2024-11-11,10253.29
2024-11-12,10253.29
2024-11-13,10253.29
2024-11-14,10253.29
2024-11-15,10253.29
2024-11-18,10253.29
2024-11-19,10253.29
2024-11-21,10253.29
2024-11-22,10253.29
2024-11-25,10253.29
2024-11-26,10253.29
2024-11-27,10253.29
2024-12-02,10253.29
2024-12-03,10253.29
2024-12-04,10253.29
2024-12-05,10253.29
2024-12-06,10253.29
2024-12-09,10253.29
2024-12-10,10253.29
2024-12-11,10253.29
2024-12-12,10253.29
2024-12-13,10253.29
2024-12-16,10253.29
2024-12-17,10253.29
2024-12-18,10253.29
2024-12-19,10253.29
2024-12-20,10253.29
2024-12-24,10253.29
2024-12-26,10253.29
2024-12-27,10253.29
2024-12-30,10253.29
2024-12-31,10253.29
2025-01-02,10253.29
2025-01-03,10253.29
2025-01-06,10253.29
2025-01-07,10253.29
2025-01-08,10253.29
2025-01-10,10253.29
2025-01-13,10253.29
2025-01-14,10253.29
2025-01-15,10253.29
2025-01-16,10253.29
2025-01-17,10253.29
2025-01-21,10253.29
2025-01-22,10253.29
2025-01-23,10253.29
2025-01-24,10253.29
2025-01-27,10253.29
2025-01-28,10253.29
2025-01-29,10253.29
2025-01-30,10253.29
2025-01-31,10253.29
2025-02-03,10253.29
2025-02-04,10253.29
2025-02-05,10253.29
2025-02-06,10253.29
2025-02-07,10253.29
2025-02-10,10253.29
2025-02-11,10253.29
2025-02-12,10253.29
2025-02-13,10253.29
2025-02-14,10253.29
2025-02-18,10253.29
2025-02-19,10253.29
2025-02-20,10253.29
2025-02-21,10253.29
2025-02-24,10253.29
2025-02-25,10253.29
2025-02-26,10253.29
2025-02-27,10253.29
2025-02-28,10253.29
2025-03-03,10253.29
2025-03-04,10253.29
2025-03-05,10253.29
2025-03-06,10253.29
2025-03-07,10253.29
2025-03-10,10253.29
2025-03-11,10253.29
2025-03-12,10253.29
2025-03-13,10253.29
2025-03-14,10253.29
2025-03-17,10253.29
2025-03-18,10253.29
2025-03-19,10253.29
2025-03-20,10253.29
2025-03-21,10253.29
2025-03-24,10253.29
2025-03-25,10253.29
2025-03-26,10253.29
2025-03-27,10253.29
2025-03-31,10253.29
2025-04-01,10253.29
2025-04-02,10253.29
2025-04-03,10253.29
2025-04-04,10253.29
2025-04-07,10253.29
2025-04-08,10253.29
2025-04-10,10253.29
2025-04-11,10253.29
2025-04-14,10253.29
2025-04-15,10253.29
2025-04-16,10253.29
2025-04-17,10253.29
2025-04-21,10253.29
2025-04-22,10253.29
2025-04-23,10253.29
2025-04-24,10253.29
2025-04-25,10253.29
2025-04-28,10253.29
2025-04-29,10253.29
2025-04-30,10253.29
2025-05-01,10253.29
2025-05-02,10253.29
2025-05-05,10253.29
2025-05-06,10253.29
2025-05-07,10253.29
2025-05-08,10253.29
2025-05-09,10253.29
2025-05-12,10253.29
2025-05-13,10253.29
2025-05-14,10253.29
2025-05-15,10253.29
2025-05-16,10253.29
2025-05-19,10253.29
2025-05-20,10253.29
2025-05-21,10253.29
2025-05-22,10253.29
2025-05-23,10253.29
2025-05-27,10253.29
2025-05-28,10253.29
2025-05-29,10253.29
2025-05-30,10253.29
2025-06-02,10253.29
2025-06-03,10253.29
2025-06-04,10253.29
2025-06-05,10253.29
2025-06-06,10253.29
2025-06-09,10253.29
2025-06-10,10253.29
2025-06-11,10253.29
2025-06-12,10253.29
2025-06-13,10253.29
2025-06-16,10253.29
2025-06-17,10253.29
2025-06-18,10253.29
2025-06-20,10253.29
2025-06-23,10253.29
2025-06-24,10253.29
2025-06-25,10253.29
2025-06-26,10253.29
2025-06-30,10253.29
2025-07-01,10253.29
2025-07-02,10253.29
2025-07-07,10253.29
2025-07-08,10253.29
2025-07-09,10253.29
2025-07-10,10253.29
2025-07-11,10253.29
2025-07-14,10253.29
2025-07-15,10253.29
2025-07-16,10253.29
2025-07-17,10253.29
2025-07-18,10253.29
2025-07-21,10253.29
2025-07-22,10253.29
2025-07-23,10253.29
2025-07-24,10253.29
2025-07-25,10253.29
2025-07-28,10253.29
2025-07-29,10253.29
2025-07-30,10253.29
2025-07-31,10253.29
2025-08-01,10253.29
2025-08-04,10253.29
2025-08-05,10253.29
2025-08-06,10253.29
2025-08-07,10253.29
2025-08-08,10253.29
2025-08-11,10253.29
2025-08-12,10253.29
2025-08-13,10253.29
2025-08-14,10253.29
2025-08-15,10253.29
2025-08-18,10253.29
2025-08-19,10253.29
2025-08-20,10253.29
2025-08-21,10251.89
2025-08-22,10359.96
2025-08-25,10342.41
2025-08-26,10353.49
2025-08-27,10352.41
2025-08-28,10357.27
2025-08-29,10357.27
2025-09-02,10357.27
2025-09-03,10357.27
2025-09-04,10357.27
2025-09-05,10357.27
2025-09-08,10356.13
2025-09-09,10403.84
2025-09-10,10445.78
2025-09-11,10500.68
2025-09-12,10519.77
2025-09-15,10562.59
2025-09-16,10562.59
2025-09-17,10562.59
2025-09-18,10562.59
2025-09-19,10562.59
2025-09-22,10562.59
2025-09-23,10562.59
2025-09-24,10562.59
2025-09-25,10562.59
2025-09-26,10562.59
2025-09-29,10562.59
2025-09-30,10562.59
2025-10-01,10562.59
2025-10-02,10562.59
2025-10-03,10562.59
2025-10-06,10562.59
2025-10-07,10562.59
2025-10-08,10562.59
2025-10-09,10562.59
2025-10-10,10562.59
2025-10-13,10562.59
2025-10-14,10562.59
2025-10-15,10562.59
2025-10-16,10562.59
2025-10-17,10562.59
2025-10-20,10562.59
2025-10-21,10562.59
2025-10-22,10562.59
2025-10-23,10562.59
2025-10-24,10562.59
2025-10-27,10562.59
2025-10-28,10559.8
2025-10-29,10528.73
2025-10-30,10515.42
2025-11-03,10495.92
2025-11-04,10517.88
2025-11-05,10348.58
2025-11-06,10348.58
2025-11-07,10348.58
2025-11-10,10348.58
2025-11-11,10348.58
2025-11-12,10348.58
2025-11-13,10348.58
2025-11-14,10348.58
2025-11-17,10346.85
2025-11-18,10243.42
2025-11-19,10243.42
2025-11-20,10243.42
2025-11-24,10243.42
2025-11-25,10243.42
2025-11-26,10243.42
2025-11-27,10243.42
2025-11-28,10243.42
2025-12-01,10243.42
2025-12-02,10243.42
2025-12-03,10243.42
2025-12-04,10243.42
2025-12-05,10243.42
2025-12-08,10243.42
2025-12-09,10243.42
2025-12-10,10243.42
2025-12-11,10243.42
2025-12-15,10243.42
2025-12-16,10243.42
2025-12-17,10243.42
2025-12-18,10243.42
2025-12-19,10243.42
2025-12-22,10243.42
2025-12-23,10243.42
2025-12-24,10243.42
2025-12-26,10243.42
2025-12-29,10243.42
2025-12-30,10243.42
2025-12-31,10243.42
2026-01-02,10243.42
2026-01-05,10243.42
2026-01-06,10243.42
2026-01-07,10243.42
2026-01-08,10243.42
2026-01-09,10243.42
2026-01-12,10243.42
2026-01-13,10243.42
2026-01-14,10243.42
2026-01-15,10243.42
2026-01-16,10267.58
2026-01-20,10337.91
2026-01-21,10446.48
2026-01-22,10446.48
2026-01-23,10446.48
2026-01-26,10446.48
2026-01-27,10446.48
2026-01-28,10446.48
2026-01-29,10446.48
2026-01-30,10446.48
2026-02-02,10444.92
2026-02-03,10340.32
2026-02-04,10340.32
2026-02-05,10294.37
2026-02-09,10403.61
2026-02-10,10368.49
2026-02-11,10235.25
2026-02-12,10235.25
2026-02-13,10235.25
2026-02-17,10235.25
2026-02-18,10235.25
2026-02-19,10235.25
2026-02-20,10235.25
2026-02-23,10235.25
2026-02-24,10235.25
2026-02-25,10235.25
2026-02-26,10235.25
2026-02-27,10235.25
2026-03-02,10235.25
2026-03-03,10235.25
2026-03-04,10235.25
2026-03-05,10235.25
2026-03-06,10235.25
2026-03-09,10235.25
2026-03-10,10235.25
2026-03-11,10235.25
2026-03-12,10235.25
2026-03-13,10235.25
2026-03-16,10235.25
2026-03-17,10235.25
2026-03-18,10235.25
2026-03-19,10235.25
2026-03-20,10235.25
2026-03-23,10235.25
2026-03-24,10235.25
2026-03-25,10235.25
2026-03-26,10235.25
2026-03-27,10235.25
2026-03-30,10235.25
2026-03-31,10235.25
2026-04-01,10235.25
2026-04-02,10235.25
2026-04-03,10235.25
2026-04-06,10235.25
2026-04-07,10235.25
2026-04-08,10235.25
2026-04-09,10235.25
2026-04-10,10235.25
2026-04-13,10235.25
2026-04-14,10235.25
2026-04-15,10235.25
2026-04-16,10235.25
2026-04-17,10235.25
2026-04-20,10235.25
2026-04-21,10235.25
2026-04-22,10235.25
2026-04-23,10235.25
2026-04-24,10235.25
2026-04-27,10235.25
2026-04-28,10235.25
2026-04-29,10235.25
2026-04-30,10235.25
2026-05-01,10235.25
2026-05-04,10235.25
2026-05-05,10235.25
2026-05-06,10235.25
2026-05-07,10235.25
2026-05-08,10235.25
2026-05-11,10233.54
2026-05-12,10301.61
2026-05-13,10339.4
2026-05-14,10438.15
2026-05-15,10438.15
2026-05-18,10438.15
2026-05-19,10438.15
2026-05-20,10436.41
2026-05-21,10456.25
2026-05-22,10495.83
2026-05-26,10492.49
2026-05-27,10409.52
2026-05-28,10405.72
2026-05-29,10405.72
2026-06-01,10405.72
2026-06-02,10405.72
2026-06-03,10405.72
2026-06-04,10403.99
2026-06-05,10459.4
2026-06-08,10296.74
2026-06-09,10335.73
2026-06-10,10327.6
2026-06-11,10319.47
2026-06-12,10319.47
2026-06-15,10319.47
2026-06-16,10319.47
2026-06-17,10319.47
2026-06-18,10319.47
2026-06-19,10319.47
2026-06-22,10319.47
2026-06-23,10319.47
2026-06-24,10319.47
2026-06-25,10319.47
2026-06-26,10319.47
2026-06-29,10319.47
2026-06-30,10319.47
2026-07-01,10319.47
2026-07-02,10319.47
2026-07-03,10319.47
2026-07-06,10319.47
2026-07-07,10319.47
2026-07-08,10319.47
2026-07-09,10319.47
2026-07-10,10319.47
2026-07-13,10319.47
2026-07-14,10319.47
2026-07-15,10319.47
2026-07-16,10319.47
2026-07-17,10319.47
2026-07-20,10319.47
2026-07-21,10319.47
2026-07-22,10319.47
2026-07-23,10319.47
2026-07-24,10319.47
2026-07-27,10319.47
2026-07-28,10319.47
2026-07-29,10319.47
2026-07-30,10319.47
2026-07-31,10319.47
2026-08-03,10319.47
2026-08-04,10319.47
2026-08-05,10319.47
2026-08-06,10319.47
2026-08-07,10319.47
2026-08-10,10319.47
2026-08-11,10319.47
2026-08-12,10319.47
2026-08-13,10319.47
2026-08-14,10319.47
2026-08-17,10319.47
2026-08-18,10319.47
2026-08-19,10319.47
