rank_by_alpha,set_name,strategy,total_trades,win_rate_pct,total_pnl,avg_return_pct,median_hold_days,profit_factor,max_drawdown_pct,final_equity,total_return_pct,spy_buy_hold_return_pct,spy_max_drawdown_pct,alpha_vs_spy_pct,beat_spy,benchmark_start,benchmark_end,trend_ma,pullback_ma,exit_ma,regime_ma,regime_symbol,rsi_period,rsi_min,rsi_max,pullback_pct,entry_logic,use_trend_break_exit,max_hold_days,stop_loss_pct,take_profit_pct,max_positions,risk_per_trade_pct,initial_capital,use_regime_filter,slippage_pct,min_history_days,momentum_lookback,momentum_trend_ma,momentum_min_return_pct,sweep_run_at
1,MOM_09,momentum_rank,301,43.85,6525.15,0.37,4,1.17,-25.01,16750.12,67.5,83.86,-18.85,-16.36,False,2023-05-22,2026-08-20,50,20,20,200,SPY,14,40.0,55.0,3.0,and,False,10,3.0,6.0,2,2.0,10000.0,True,0.05,210,3,20,0.0,2026-08-20 21:18:59
2,MOM_05,momentum_rank,346,43.93,5765.78,0.31,4,1.14,-24.57,15912.07,59.12,83.86,-18.85,-24.74,False,2023-05-22,2026-08-20,50,20,20,200,SPY,14,40.0,55.0,3.0,and,False,7,3.0,6.0,2,2.0,10000.0,True,0.05,210,3,20,0.0,2026-08-20 21:18:59
3,MOM_08,momentum_rank,468,42.74,4908.83,0.29,5,1.14,-23.33,15108.68,51.09,83.86,-18.85,-32.77,False,2023-05-22,2026-08-20,50,20,20,200,SPY,14,40.0,55.0,3.0,and,False,7,3.0,8.0,3,2.0,10000.0,True,0.05,210,3,20,0.0,2026-08-20 21:18:59
4,MOM_07,momentum_rank,317,41.32,4923.55,0.3,5,1.14,-26.07,15065.07,50.65,83.86,-18.85,-33.21,False,2023-05-22,2026-08-20,50,20,20,200,SPY,14,40.0,55.0,3.0,and,False,7,3.0,8.0,2,2.0,10000.0,True,0.05,210,3,20,0.0,2026-08-20 21:18:59
5,MOM_06,momentum_rank,493,44.62,4712.26,0.26,4,1.13,-22.78,14908.38,49.08,83.86,-18.85,-34.78,False,2023-05-22,2026-08-20,50,20,20,200,SPY,14,40.0,55.0,3.0,and,False,7,3.0,6.0,3,2.0,10000.0,True,0.05,210,3,20,0.0,2026-08-20 21:18:59
6,MOM_10,momentum_rank,447,41.83,3867.58,0.25,3,1.11,-22.67,14050.92,40.51,83.86,-18.85,-43.35,False,2023-05-22,2026-08-20,50,20,20,200,SPY,14,40.0,55.0,3.0,and,False,10,3.0,6.0,3,2.0,10000.0,True,0.05,210,3,20,0.0,2026-08-20 21:18:59
7,MOM_03,momentum_rank,407,43.98,3290.28,0.18,5,1.08,-29.68,13471.22,34.71,83.86,-18.85,-49.15,False,2023-05-22,2026-08-20,50,20,20,200,SPY,14,40.0,55.0,3.0,and,False,5,3.0,8.0,2,2.0,10000.0,True,0.05,210,3,20,0.0,2026-08-20 21:18:59
8,MOM_01,momentum_rank,437,45.08,3234.28,0.16,3,1.07,-36.16,13414.44,34.14,83.86,-18.85,-49.72,False,2023-05-22,2026-08-20,50,20,20,200,SPY,14,40.0,55.0,3.0,and,False,5,3.0,6.0,2,2.0,10000.0,True,0.05,210,3,20,0.0,2026-08-20 21:18:59
9,MOM_11,momentum_rank,279,39.78,2138.96,0.19,4,1.07,-30.61,12304.33,23.04,83.86,-18.85,-60.82,False,2023-05-22,2026-08-20,50,20,20,200,SPY,14,40.0,55.0,3.0,and,False,10,3.0,8.0,2,2.0,10000.0,True,0.05,210,3,20,0.0,2026-08-20 21:18:59
10,MOM_02,momentum_rank,613,45.35,2141.65,0.12,4,1.05,-33.38,12239.41,22.39,83.86,-18.85,-61.47,False,2023-05-22,2026-08-20,50,20,20,200,SPY,14,40.0,55.0,3.0,and,False,5,3.0,6.0,3,2.0,10000.0,True,0.05,210,3,20,0.0,2026-08-20 21:18:59
11,MOM_12,momentum_rank,399,40.35,2069.1,0.18,4,1.07,-27.29,12229.91,22.3,83.86,-18.85,-61.56,False,2023-05-22,2026-08-20,50,20,20,200,SPY,14,40.0,55.0,3.0,and,False,10,3.0,8.0,3,2.0,10000.0,True,0.05,210,3,20,0.0,2026-08-20 21:18:59
12,MOM_04,momentum_rank,586,43.69,1562.85,0.1,5,1.04,-30.21,11657.64,16.58,83.86,-18.85,-67.28,False,2023-05-22,2026-08-20,50,20,20,200,SPY,14,40.0,55.0,3.0,and,False,5,3.0,8.0,3,2.0,10000.0,True,0.05,210,3,20,0.0,2026-08-20 21:18:59
13,TP_17_strict,trend_pullback,30,43.33,1009.37,0.67,3,1.47,-4.38,11009.36,10.09,83.86,-18.85,-73.77,False,2023-05-22,2026-08-20,50,20,20,200,SPY,14,40.0,48.0,1.5,and,False,7,2.5,6.0,2,2.0,10000.0,True,0.05,210,5,20,0.5,2026-08-20 21:18:59
14,TP_13_strict,trend_pullback,30,43.33,692.64,0.47,3,1.33,-4.38,10692.64,6.93,83.86,-18.85,-76.93,False,2023-05-22,2026-08-20,50,20,20,200,SPY,14,40.0,48.0,1.5,and,False,7,2.5,5.0,2,2.0,10000.0,True,0.05,210,5,20,0.5,2026-08-20 21:18:59
15,TP_18_strict,trend_pullback,30,43.33,674.22,0.67,3,1.48,-2.93,10674.2,6.74,83.86,-18.85,-77.12,False,2023-05-22,2026-08-20,50,20,20,200,SPY,14,40.0,48.0,1.5,and,False,7,2.5,6.0,3,2.0,10000.0,True,0.05,210,5,20,0.5,2026-08-20 21:18:59
16,TP_09_strict,trend_pullback,30,46.67,661.69,0.46,3,1.32,-5.26,10661.68,6.62,83.86,-18.85,-77.24,False,2023-05-22,2026-08-20,50,20,20,200,SPY,14,40.0,48.0,1.5,and,False,5,2.5,8.0,2,2.0,10000.0,True,0.05,210,5,20,0.5,2026-08-20 21:18:59
17,TP_05_strict,trend_pullback,30,46.67,659.04,0.46,3,1.32,-5.26,10659.05,6.59,83.86,-18.85,-77.27,False,2023-05-22,2026-08-20,50,20,20,200,SPY,14,40.0,48.0,1.5,and,False,5,2.5,6.0,2,2.0,10000.0,True,0.05,210,5,20,0.5,2026-08-20 21:18:59
18,TP_11_strict,trend_pullback,29,48.28,468.81,0.35,5,1.22,-6.07,10468.79,4.69,83.86,-18.85,-79.17,False,2023-05-22,2026-08-20,50,20,20,200,SPY,14,40.0,48.0,1.5,and,False,5,3.0,8.0,2,2.0,10000.0,True,0.05,210,5,20,0.5,2026-08-20 21:18:59
19,TP_14_strict,trend_pullback,30,43.33,466.67,0.47,3,1.34,-2.93,10466.67,4.67,83.86,-18.85,-79.19,False,2023-05-22,2026-08-20,50,20,20,200,SPY,14,40.0,48.0,1.5,and,False,7,2.5,5.0,3,2.0,10000.0,True,0.05,210,5,20,0.5,2026-08-20 21:18:59
20,TP_07_strict,trend_pullback,29,48.28,466.19,0.35,4,1.22,-6.07,10466.21,4.66,83.86,-18.85,-79.2,False,2023-05-22,2026-08-20,50,20,20,200,SPY,14,40.0,48.0,1.5,and,False,5,3.0,6.0,2,2.0,10000.0,True,0.05,210,5,20,0.5,2026-08-20 21:18:59
21,TP_10_strict,trend_pullback,30,46.67,447.25,0.46,3,1.33,-3.53,10447.25,4.47,83.86,-18.85,-79.39,False,2023-05-22,2026-08-20,50,20,20,200,SPY,14,40.0,48.0,1.5,and,False,5,2.5,8.0,3,2.0,10000.0,True,0.05,210,5,20,0.5,2026-08-20 21:18:59
22,TP_06_strict,trend_pullback,30,46.67,445.18,0.46,3,1.33,-3.53,10445.16,4.45,83.86,-18.85,-79.41,False,2023-05-22,2026-08-20,50,20,20,200,SPY,14,40.0,48.0,1.5,and,False,5,2.5,6.0,3,2.0,10000.0,True,0.05,210,5,20,0.5,2026-08-20 21:18:59
23,TP_15_strict,trend_pullback,29,44.83,439.37,0.33,4,1.2,-5.34,10439.35,4.39,83.86,-18.85,-79.47,False,2023-05-22,2026-08-20,50,20,20,200,SPY,14,40.0,48.0,1.5,and,False,7,3.0,5.0,2,2.0,10000.0,True,0.05,210,5,20,0.5,2026-08-20 21:18:59
24,TP_01_strict,trend_pullback,30,46.67,352.4,0.26,3,1.17,-5.26,10352.41,3.52,83.86,-18.85,-80.34,False,2023-05-22,2026-08-20,50,20,20,200,SPY,14,40.0,48.0,1.5,and,False,5,2.5,5.0,2,2.0,10000.0,True,0.05,210,5,20,0.5,2026-08-20 21:18:59
25,TP_12_strict,trend_pullback,29,48.28,321.51,0.35,5,1.23,-4.08,10321.53,3.22,83.86,-18.85,-80.64,False,2023-05-22,2026-08-20,50,20,20,200,SPY,14,40.0,48.0,1.5,and,False,5,3.0,8.0,3,2.0,10000.0,True,0.05,210,5,20,0.5,2026-08-20 21:18:59
26,TP_08_strict,trend_pullback,29,48.28,319.48,0.35,4,1.23,-4.08,10319.47,3.19,83.86,-18.85,-80.67,False,2023-05-22,2026-08-20,50,20,20,200,SPY,14,40.0,48.0,1.5,and,False,5,3.0,6.0,3,2.0,10000.0,True,0.05,210,5,20,0.5,2026-08-20 21:18:59
27,TP_16_strict,trend_pullback,29,44.83,301.01,0.33,4,1.21,-3.58,10301.02,3.01,83.86,-18.85,-80.85,False,2023-05-22,2026-08-20,50,20,20,200,SPY,14,40.0,48.0,1.5,and,False,7,3.0,5.0,3,2.0,10000.0,True,0.05,210,5,20,0.5,2026-08-20 21:18:59
28,TP_02_strict,trend_pullback,30,46.67,242.08,0.26,3,1.18,-3.53,10242.09,2.42,83.86,-18.85,-81.44,False,2023-05-22,2026-08-20,50,20,20,200,SPY,14,40.0,48.0,1.5,and,False,5,2.5,5.0,3,2.0,10000.0,True,0.05,210,5,20,0.5,2026-08-20 21:18:59
29,TP_03_strict,trend_pullback,29,48.28,165.14,0.14,4,1.08,-6.07,10165.12,1.65,83.86,-18.85,-82.21,False,2023-05-22,2026-08-20,50,20,20,200,SPY,14,40.0,48.0,1.5,and,False,5,3.0,5.0,2,2.0,10000.0,True,0.05,210,5,20,0.5,2026-08-20 21:18:59
30,TP_04_strict,trend_pullback,29,48.28,118.84,0.14,4,1.09,-4.08,10118.84,1.19,83.86,-18.85,-82.67,False,2023-05-22,2026-08-20,50,20,20,200,SPY,14,40.0,48.0,1.5,and,False,5,3.0,5.0,3,2.0,10000.0,True,0.05,210,5,20,0.5,2026-08-20 21:18:59
31,TP_20_strict_with_ma_exit,trend_pullback,399,35.09,-3115.65,-0.26,2,0.83,-34.34,7187.38,-28.13,83.86,-18.85,-111.99,False,2023-05-22,2026-08-20,50,20,50,200,SPY,14,40.0,55.0,2.0,and,True,7,3.0,6.0,3,2.0,10000.0,True,0.05,210,5,20,0.5,2026-08-20 21:18:59
32,TP_19_old_or_logic,trend_pullback,900,40.89,-4107.45,-0.16,1,0.87,-45.0,6151.6,-38.48,83.86,-18.85,-122.34,False,2023-05-22,2026-08-20,50,20,20,200,SPY,14,40.0,55.0,3.0,or,True,5,3.0,6.0,3,2.0,10000.0,True,0.05,210,5,20,0.5,2026-08-20 21:18:59
